optimizer,seed,speed_knots,fuel_type,total_fuel_tonnes,total_opex_usd,best_loss
QPSO,100,18.59,bio_methanol,195.95,210402.36,115003.2758272025
PSO,100,18.59,bio_methanol,195.95,210402.49,115003.2758292106
GA,100,18.59,bio_methanol,195.95,210402.94,115003.27583618271
DE,100,18.59,bio_methanol,195.95,210402.34,115003.27582691576
Random_Search,100,18.57,bio_methanol,196.17,210636.19,115003.2794678075
QPSO,137,18.59,bio_methanol,195.95,210402.33,115003.27582673484
PSO,137,18.59,bio_methanol,195.95,210402.52,115003.275829683
GA,137,18.59,bio_methanol,195.96,210409.86,115003.27594393709
DE,137,18.59,bio_methanol,195.95,210402.32,115003.27582657308
Random_Search,137,18.58,bio_methanol,196.12,210581.96,115003.27862343183
QPSO,174,18.59,bio_methanol,195.95,210402.33,115003.2758266504
PSO,174,18.59,bio_methanol,195.95,210402.33,115003.27582673248
GA,174,18.58,bio_methanol,196.04,210493.46,115003.27724561244
DE,174,18.59,bio_methanol,195.95,210402.34,115003.27582685
Random_Search,174,18.58,bio_methanol,196.09,210548.04,115003.27809535124
QPSO,211,18.59,bio_methanol,195.95,210402.32,115003.27582657331
PSO,211,18.59,bio_methanol,195.95,210402.58,115003.27583059784
GA,211,18.59,bio_methanol,195.96,210410.6,115003.2759554794
DE,211,18.59,bio_methanol,195.95,210402.33,115003.27582668784
Random_Search,211,18.58,bio_methanol,196.13,210598.05,115003.27887384169
QPSO,248,18.59,bio_methanol,195.95,210402.33,115003.27582665616
PSO,248,18.59,bio_methanol,195.95,210402.33,115003.27582664092
GA,248,18.59,bio_methanol,195.97,210425.66,115003.276189886
DE,248,18.59,bio_methanol,195.95,210402.33,115003.27582665069
Random_Search,248,18.53,bio_methanol,196.6,211098.92,115003.28667217324
QPSO,285,18.59,bio_methanol,195.95,210402.35,115003.27582706884
PSO,285,18.59,bio_methanol,195.95,213242.67,115003.29287196112
GA,285,18.59,bio_methanol,195.95,210403.09,115003.27583854036
DE,285,18.59,bio_methanol,195.95,210402.32,115003.27582657314
Random_Search,285,18.59,bio_methanol,196.01,210466.79,115003.27683028464
QPSO,322,18.59,bio_methanol,195.95,210402.42,115003.2758281276
PSO,322,18.59,bio_methanol,195.95,210402.34,115003.27582682155
GA,322,18.59,bio_methanol,195.98,210429.55,115003.276250464
DE,322,18.59,bio_methanol,195.95,210402.32,115003.27582657896
Random_Search,322,18.58,bio_methanol,196.07,210534.86,115003.27789010982
QPSO,359,18.59,bio_methanol,195.95,210402.39,115003.27582759134
PSO,359,18.59,bio_methanol,195.95,210402.68,115003.27583220186
GA,359,18.59,bio_methanol,195.96,210408.2,115003.27591804368
DE,359,18.59,bio_methanol,195.95,210402.33,115003.27582665162
Random_Search,359,18.55,bio_methanol,196.34,210819.77,115003.28232601476
QPSO,396,18.59,bio_methanol,195.95,210402.33,115003.27582665098
PSO,396,18.59,bio_methanol,195.95,210402.34,115003.27582683628
GA,396,18.59,bio_methanol,195.98,210431.37,115003.27627878496
DE,396,18.59,bio_methanol,195.95,210402.33,115003.2758266468
Random_Search,396,18.56,bio_methanol,196.31,210790.32,115003.28186740652
QPSO,433,18.59,bio_methanol,195.95,210402.33,115003.2758267022
PSO,433,18.59,bio_methanol,195.95,210402.36,115003.27582722272
GA,433,18.59,bio_methanol,195.96,210410.64,115003.27595606452
DE,433,18.59,bio_methanol,195.95,210402.32,115003.27582656726
Random_Search,433,18.57,bio_methanol,196.15,210619.09,115003.27920156217
QPSO,470,18.59,bio_methanol,195.95,210402.32,115003.2758265765
PSO,470,18.59,bio_methanol,195.95,210402.91,115003.27583570535
GA,470,18.59,bio_methanol,195.95,210403.39,115003.27584316814
DE,470,18.59,bio_methanol,195.95,210402.32,115003.2758265744
Random_Search,470,18.53,bio_methanol,196.6,213938.05,115003.3036986642
QPSO,507,18.59,bio_methanol,195.95,210402.33,115003.2758266556
PSO,507,18.59,bio_methanol,195.95,213242.41,115003.2928678873
GA,507,18.59,bio_methanol,195.95,210402.34,115003.2758268662
DE,507,18.59,bio_methanol,195.95,210402.34,115003.27582687602
Random_Search,507,18.58,bio_methanol,196.12,210581.04,115003.278609045
QPSO,544,18.59,bio_methanol,195.95,210402.33,115003.27582666252
PSO,544,18.59,bio_methanol,195.95,210402.56,115003.2758301996
GA,544,18.59,bio_methanol,195.95,210404.59,115003.27586188872
DE,544,18.59,bio_methanol,195.95,210402.33,115003.2758266624
Random_Search,544,18.56,bio_methanol,196.33,210804.33,115003.2820855279
QPSO,581,18.59,bio_methanol,195.95,210402.33,115003.27582674591
PSO,581,18.59,bio_methanol,195.95,210403.05,115003.27583799032
GA,581,18.59,bio_methanol,195.95,210402.62,115003.27583128423
DE,581,18.59,bio_methanol,195.95,210402.33,115003.27582664644
Random_Search,581,18.57,bio_methanol,196.16,210625.53,115003.27930184908
QPSO,618,18.59,bio_methanol,195.95,210402.33,115003.27582671508
PSO,618,18.59,bio_methanol,195.95,210402.35,115003.27582703128
GA,618,18.59,bio_methanol,195.95,210402.88,115003.27583526752
DE,618,18.59,bio_methanol,195.95,210402.33,115003.27582668907
Random_Search,618,18.51,bio_methanol,196.77,211279.64,115003.2894858122
QPSO,655,18.59,bio_methanol,195.95,210402.36,115003.27582721128
PSO,655,18.59,bio_methanol,195.95,210402.4,115003.27582779712
GA,655,18.59,bio_methanol,195.95,210404.64,115003.27586264316
DE,655,18.59,bio_methanol,195.95,210402.32,115003.27582657096
Random_Search,655,18.48,bio_methanol,197.12,211661.94,115003.2954380531
QPSO,692,18.59,bio_methanol,195.95,210402.33,115003.2758266616
PSO,692,18.59,bio_methanol,195.95,210402.47,115003.27582881054
GA,692,18.59,bio_methanol,195.95,210402.33,115003.27582670326
DE,692,18.59,bio_methanol,195.95,210402.33,115003.27582664268
Random_Search,692,18.56,bio_methanol,196.26,210732.57,115003.28096827792
QPSO,729,18.59,bio_methanol,195.95,210402.33,115003.2758267108
PSO,729,18.59,bio_methanol,195.95,210404.01,115003.27585284346
GA,729,18.59,bio_methanol,195.97,213258.35,115003.2931161059
DE,729,18.59,bio_methanol,195.95,210402.33,115003.27582664909
Random_Search,729,18.45,bio_methanol,197.39,211947.47,115003.29988349558
QPSO,766,18.59,bio_methanol,195.95,210402.32,115003.27582657649
PSO,766,18.59,bio_methanol,195.95,210402.7,115003.27583244584
GA,766,18.59,bio_methanol,195.96,210416.91,115003.2760536585
DE,766,18.59,bio_methanol,195.95,210402.33,115003.27582665098
Random_Search,766,18.58,bio_methanol,196.05,210503.65,115003.27740412034
QPSO,803,18.59,bio_methanol,195.95,210402.33,115003.2758266518
PSO,803,18.59,bio_methanol,195.95,210402.45,115003.2758285886
GA,803,18.59,bio_methanol,195.95,210403.23,115003.2758407691
DE,803,18.59,bio_methanol,195.95,210402.32,115003.27582656904
Random_Search,803,18.57,bio_methanol,196.23,210705.53,115003.28054737304
QPSO,840,18.59,bio_methanol,195.95,210402.4,115003.27582773373
PSO,840,18.59,bio_methanol,195.95,210402.83,115003.27583442075
GA,840,18.59,bio_methanol,195.96,210409.52,115003.27593858914
DE,840,18.59,bio_methanol,195.95,210402.32,115003.2758265725
Random_Search,840,18.58,bio_methanol,196.07,210527.59,115003.2777768998
QPSO,877,18.59,bio_methanol,195.95,210402.38,115003.27582748076
PSO,877,18.59,bio_methanol,195.95,210402.51,115003.27582946362
GA,877,18.59,bio_methanol,195.96,210416.02,115003.27603985436
DE,877,18.59,bio_methanol,195.95,210402.33,115003.27582667807
Random_Search,877,18.55,bio_methanol,196.4,210882.96,115003.28330979074
QPSO,914,18.59,bio_methanol,195.95,210402.34,115003.27582690804
PSO,914,18.59,bio_methanol,195.95,210402.34,115003.27582690332
GA,914,18.59,bio_methanol,195.98,210428.37,115003.27623217236
DE,914,18.59,bio_methanol,195.95,210402.32,115003.27582656872
Random_Search,914,18.56,bio_methanol,196.3,210772.81,115003.28159482738
QPSO,951,18.59,bio_methanol,195.95,210402.35,115003.27582702844
PSO,951,18.59,bio_methanol,195.95,210402.36,115003.27582718148
GA,951,18.59,bio_methanol,196.01,210462.25,115003.27675958298
DE,951,18.59,bio_methanol,195.95,210402.32,115003.27582656778
Random_Search,951,18.49,bio_methanol,197.04,211574.91,115003.29408299417
QPSO,988,18.59,bio_methanol,195.95,210402.33,115003.27582666838
PSO,988,18.59,bio_methanol,195.95,210402.4,115003.27582776522
GA,988,18.59,bio_methanol,195.96,210410.98,115003.2759612969
DE,988,18.59,bio_methanol,195.95,210402.33,115003.27582674252
Random_Search,988,18.58,bio_methanol,196.13,210589.86,115003.27874646569
QPSO,1025,18.59,bio_methanol,195.95,210402.32,115003.27582657742
PSO,1025,18.59,bio_methanol,195.95,210402.51,115003.2758295071
GA,1025,18.58,bio_methanol,196.05,210512.64,115003.27754416892
DE,1025,18.59,bio_methanol,195.95,210402.32,115003.27582657256
Random_Search,1025,18.58,bio_methanol,196.05,210513.23,115003.27755331252
QPSO,1062,18.59,bio_methanol,195.95,210402.33,115003.27582665146
PSO,1062,18.59,bio_methanol,195.95,210402.54,115003.2758300056
GA,1062,18.59,bio_methanol,195.95,210402.34,115003.27582685776
DE,1062,18.59,bio_methanol,195.95,210402.32,115003.27582657222
Random_Search,1062,18.58,bio_methanol,196.04,210500.45,115003.27735431751
QPSO,1099,18.59,bio_methanol,195.95,210402.33,115003.27582664342
PSO,1099,18.59,bio_methanol,195.95,210402.36,115003.27582718746
GA,1099,18.59,bio_methanol,195.98,210429.34,115003.27624721044
DE,1099,18.59,bio_methanol,195.95,210402.32,115003.27582657256
Random_Search,1099,18.59,bio_methanol,196.01,210465.78,115003.27681462812
QPSO,1136,18.59,bio_methanol,195.95,210402.33,115003.27582668603
PSO,1136,18.59,bio_methanol,195.95,213242.59,115003.29287076392
GA,1136,18.59,bio_methanol,195.98,210430.69,115003.27626821646
DE,1136,18.59,bio_methanol,195.95,210402.32,115003.2758265798
Random_Search,1136,18.56,bio_methanol,196.32,210797.2,115003.2819744994
QPSO,1173,18.59,bio_methanol,195.95,210402.32,115003.27582658063
PSO,1173,18.59,bio_methanol,195.95,210402.42,115003.2758280759
GA,1173,18.59,bio_methanol,195.96,210409.48,115003.27593810884
DE,1173,18.59,bio_methanol,195.95,210402.32,115003.27582657724
Random_Search,1173,18.53,bio_methanol,196.63,211130.9,115003.28717003988
