observation_id,timestamp,vessel_id,vessel_type,stw_kn,shaft_power_kw_observed,R_calm,R_wave,R_wind,R_total,P_E,P_D,P_B,SFC,F_physics,F_observed,error,abs_error,percentage_error_pct
1,2026-03-02T04:20:00+00:00,VESSEL_FE_01,container_feeder,14.659988191551,1975.589686489604,189683.9756126441,74995.28992754706,-6436.139165264963,258243.12637492619,1947.6032816530374,2727.735688589688,2783.4037638670284,198.54119005995506,727.1202956955179,390.3655789509125,336.75471674460545,336.75471674460545,86.26649861128035
2,2026-03-02T04:20:00+00:00,VESSEL_FE_02,container_feeder,15.982304691111388,2275.905047379911,225409.80679893369,0.0,1219.1863414497234,226628.99314038342,1863.343752595005,2609.725143690483,2662.9848405004927,199.45325723462,705.6410004042382,450.93331254666055,254.70768785757764,254.70768785757764,56.484557864910826
3,2026-03-02T04:25:00+00:00,VESSEL_HM_03,bulk_handymax,14.522532500438537,2000.003926972751,521739.3263960648,0.0,10472.342576145558,532211.6689722104,3976.1691907167765,5568.864412768594,5682.514706906729,180.27602428473443,1198.921159300678,377.3463963725367,821.5747629281414,821.5747629281414,217.72429015514928
4,2026-03-02T04:25:00+00:00,VESSEL_FE_01,container_feeder,13.48008447632299,1286.4622098624698,160674.2533555364,0.0,903.146847901393,161577.4002034378,1120.4986463522603,1569.325835227255,1601.352893089036,208.0235911189126,507.61917946904134,267.0928127540065,240.52636671503484,240.52636671503484,90.05347775365283
5,2026-03-02T04:25:00+00:00,VESSEL_FE_02,container_feeder,14.301954269459744,1566.5498360142678,180600.6977396996,0.0,-12856.881807537784,167743.81593216181,1234.18427819217,1728.549409232731,1763.825927788501,206.65034927615156,538.9952440398258,316.69497247961965,222.30027156020617,222.30027156020617,70.19381135723962
6,2026-03-02T04:30:00+00:00,VESSEL_FE_01,container_feeder,15.895701863559552,2160.254535869103,222963.09245780212,1326.0996171127833,-14604.189396717562,209685.00267819734,1714.6883000336054,2401.5242297389427,2450.5349283050436,201.0922119036976,667.2834890801303,424.1018615822286,243.18162749790167,243.18162749790167,57.340381999420075
7,2026-03-02T04:30:00+00:00,VESSEL_FE_02,container_feeder,12.439729298946345,1165.5698709594978,137253.91666803762,52482.75853675883,11827.958110622832,201564.63331541928,1289.9217597949519,1806.6131089565151,1843.482764241342,205.98521677322032,554.2301968099482,242.4421767764996,311.7880200334486,311.7880200334486,128.6030443130681
8,2026-03-02T04:30:00+00:00,VESSEL_HM_03,bulk_handymax,13.19494293929062,1616.6951050440184,426855.84954734036,0.0,3037.294964131078,429893.14451147144,2918.140125563285,4087.030988183872,4170.439783861094,188.91770399261205,962.3699086064831,301.58778781706684,660.7821207894162,660.7821207894162,219.10108680866904
9,2026-03-02T04:35:00+00:00,VESSEL_FE_01,container_feeder,15.873040432350958,2175.399985417706,222325.36839727013,0.0,-2050.634805678762,220274.73359159136,1798.717307607799,2519.211915417085,2570.6244034868214,200.16109690023117,689.0390003204246,428.3154671660533,260.72353315437135,260.72353315437135,60.871846370491134
10,2026-03-02T04:35:00+00:00,VESSEL_FE_02,container_feeder,15.48731875410275,2045.6544930624384,211629.33385543674,0.0,8108.799261618135,219738.13311705488,1750.7324187503061,2452.0061887259185,2502.047131352978,200.69132120856128,676.6391445173198,410.10589994283833,266.53324457448144,266.53324457448144,64.99132165902309
11,2026-03-02T04:35:00+00:00,VESSEL_HM_03,bulk_handymax,13.401339847056052,1579.1161828834763,440841.65814686497,70058.2997974334,-3127.567881010983,507772.3900632874,3500.704151875372,4902.946991422089,5003.007134104172,183.92081928189344,1094.6571709775972,306.62253679764723,788.03463417995,788.03463417995,257.00479893296506
12,2026-03-02T04:40:00+00:00,VESSEL_HM_03,bulk_handymax,13.749690571769152,1761.703188573856,465075.72582567023,49499.97333667273,-5377.545779970109,509198.1533823728,3601.785547813705,5044.517573968774,5147.466912213034,183.11334713852622,1117.069895580143,323.889008626123,793.1808869540201,793.1808869540201,244.8928076684498
13,2026-03-02T04:40:00+00:00,VESSEL_FE_02,container_feeder,14.268377911912127,1626.7616202218192,179761.51150768122,0.0,10752.99116362857,190514.5026713098,1398.4300616298053,1958.5855204899233,1998.5566535611463,204.70571023077216,583.6159592036697,337.5258527519977,246.090106451672,246.090106451672,72.9100021361891
14,2026-03-02T04:40:00+00:00,VESSEL_FE_01,container_feeder,13.322803342865786,1296.4145329948456,157005.6001946826,37882.1753843061,-1464.5720699832768,193423.20350900543,1325.6909624311797,1856.7100314162178,1894.6020728736917,205.561192171902,563.9566607912728,261.93168968534616,302.0249711059267,302.0249711059267,115.30677004708511
15,2026-03-02T04:45:00+00:00,VESSEL_FE_02,container_feeder,13.207530349166191,1340.6992056059692,154345.97893006608,140910.27886680365,4707.114021850941,299963.37181872065,2038.1115514336623,2854.4979711956053,2912.75303183225,197.5751129439357,749.9875092420478,274.64747306634763,475.3400361757002,475.3400361757002,173.0727870417619
16,2026-03-02T04:45:00+00:00,VESSEL_FE_01,container_feeder,14.70373697300726,1734.777795783025,190810.85983167158,0.0,1527.3949088329591,192338.25474050455,1454.894501733299,2037.667369374368,2079.252417728947,204.04792007022036,598.7671311385686,352.2003260396468,246.5668050989218,246.5668050989218,70.00754595302845
17,2026-03-02T04:45:00+00:00,VESSEL_HM_03,bulk_handymax,14.35320590296371,1858.92980475748,508976.03843202983,0.0,7535.902908045129,516511.941340075,3813.8831935292706,5341.573100181051,5450.584796103113,181.4762747100795,1163.6518237881915,346.4096548195347,817.2421689686568,817.2421689686568,235.91783820067212
18,2026-03-02T04:50:00+00:00,VESSEL_HM_03,bulk_handymax,13.793460555585796,1885.7096844766395,468177.27900880814,0.0,2287.988669130398,470465.26767793857,3338.4041426051667,4675.63605406886,4771.057198029449,185.254159123271,1058.358189349975,349.2649990490787,709.0931903008963,709.0931903008963,203.02440617625544
19,2026-03-02T04:50:00+00:00,VESSEL_FE_01,container_feeder,16.183408857468855,2536.9032889111227,231150.29271812807,60161.032091628804,17568.74770579408,308880.07251555094,2571.567942972749,3601.6357744716365,3675.138545379221,192.16785505791745,880.7434913061996,500.4956788969348,380.24781240926484,380.24781240926484,75.97424482211521
20,2026-03-02T04:50:00+00:00,VESSEL_FE_02,container_feeder,15.366080306620162,2042.65624578507,208328.9347040042,0.0,7777.055230024419,216105.98993402862,1708.3152176651713,2392.598344068867,2441.4268817029256,201.16332767032486,665.625555787145,412.5934427071953,253.03211307994968,253.03211307994968,61.32722600235765
21,2026-03-02T04:55:00+00:00,VESSEL_HM_03,bulk_handymax,15.409520646796956,2327.650478592297,591904.2003846271,0.0,7618.407355519669,599522.6077401468,4752.616815192353,6656.326071697973,6792.169460916299,175.16153652327375,1364.2268391005548,431.6914112517595,932.5354278487953,932.5354278487953,216.01899031179636
22,2026-03-02T04:55:00+00:00,VESSEL_FE_01,container_feeder,14.380050285630311,1601.3825309536116,182560.9388373043,16417.782073602186,7100.909584097654,206079.63049500415,1524.5215863117255,2135.184294554237,2178.7594842390176,203.2443546671081,617.3205653490004,323.2597531318588,294.0608122171416,294.0608122171416,90.96734417698856
23,2026-03-02T04:55:00+00:00,VESSEL_FE_02,container_feeder,13.861171038379169,1400.9062907178309,169755.08732376146,0.0,2227.5294737805775,171982.61679754202,1226.3730029955727,1717.6092478929588,1752.662497849958,206.74399134554795,536.8524402871582,290.2283960492869,246.62404423787126,246.62404423787126,84.97584922599692
24,2026-03-02T05:00:00+00:00,VESSEL_HM_03,bulk_handymax,14.46729586953674,1914.290136244235,517553.9590057253,0.0,4069.2079190275717,521623.1669247529,3882.2396534384548,5437.3104389894315,5548.2759581524815,180.96518501480628,1178.5447852802654,362.873104241898,815.6716810383674,815.6716810383674,224.781520455323
25,2026-03-02T05:00:00+00:00,VESSEL_FE_01,container_feeder,17.11145672333916,2587.8761552613287,258723.5101307616,0.0,-7836.355085976236,250887.15504478535,2208.5310855841503,3093.180792134664,3156.306930749657,195.79438542154196,792.4871757078826,512.8011709807681,279.68600472711444,279.68600472711444,54.5408280156996
26,2026-03-02T05:00:00+00:00,VESSEL_FE_02,container_feeder,15.456984200586982,2563.591145664214,210800.80803626438,242711.4213935374,-6155.908713477566,447356.32071632426,3557.26686694542,4982.166480315714,5083.843347260932,183.46680759218674,1107.2165092207401,506.8416265302775,600.3748826904626,600.3748826904626,118.4541385837806
27,2026-03-02T05:05:00+00:00,VESSEL_HM_03,bulk_handymax,12.85756943607488,1362.7663544726818,404581.59483936295,0.0,3806.403459505232,408387.9982988682,2701.2821905314604,3783.308390100084,3860.5187654082492,190.92715803264707,911.5778764111004,256.9035726128304,654.6743037982701,654.6743037982701,254.83269739689644
28,2026-03-02T05:05:00+00:00,VESSEL_FE_01,container_feeder,15.95633242803386,2183.2428433305463,224674.43738147235,0.0,-3538.709896969839,221135.7274845025,1815.2234629810018,2542.3297800854366,2594.21406131167,199.97962410811684,693.2899528370989,432.3615234305896,260.9284294065093,260.9284294065093,60.349595249864585
29,2026-03-02T05:05:00+00:00,VESSEL_FE_02,container_feeder,14.75277512762777,1718.939629853253,192078.40676347804,0.0,-3473.6602239645595,188604.74653951346,1431.4113195178295,2004.7777584283324,2045.6915902329922,204.3208232361338,592.4773898036407,339.096346800862,253.38104300277865,253.38104300277865,74.7224337251794
30,2026-03-02T05:10:00+00:00,VESSEL_HM_03,bulk_handymax,13.486527787096048,1656.4742434962557,446694.5896697747,19976.64637870137,33730.61248937745,500401.8485378535,3471.8197010454232,4862.49257849499,4961.727120913255,184.15479261047432,1088.2258289415463,310.6747323566839,777.5510965848624,777.5510965848624,250.27818988901888
31,2026-03-02T05:10:00+00:00,VESSEL_FE_02,container_feeder,18.278560736271427,3424.628166324756,295999.0084959561,38096.9594990152,8910.823651016062,343006.7916459873,3225.394357354636,4517.359043914056,4609.550044810261,186.20937433521183,1032.8414298109665,663.4825602610096,369.3588695499569,369.3588695499569,55.66971789049793
32,2026-03-02T05:10:00+00:00,VESSEL_FE_01,container_feeder,15.97094098606272,2299.121052532276,225087.8903159177,53878.564445595715,1373.5807813683311,280340.0355428817,2303.3171187433263,3225.934339976647,3291.7697346700484,194.82561849112653,815.8210744874636,454.5865985263943,361.23447596106934,361.23447596106934,79.46439185230298
33,2026-03-02T05:15:00+00:00,VESSEL_FE_02,container_feeder,15.187546351480051,1859.151762906872,203521.96251041684,2155.9723144878963,-10165.92112959293,195512.01369531182,1527.5631443281375,2139.4441797312847,2183.1063058482496,203.20944252742422,618.1278153895273,379.4923875194573,238.63542787007003,238.63542787007003,62.88279705158374
34,2026-03-02T05:15:00+00:00,VESSEL_FE_01,container_feeder,16.7177725367129,2859.794955209612,246807.51281772737,28304.49724889426,2037.8640274596114,277149.8740940813,2383.588074471139,3338.358647718682,3406.4884160394713,194.01731179203995,835.4177251307024,562.7146373363904,272.70308779431195,272.70308779431195,48.462056911324
35,2026-03-02T05:15:00+00:00,VESSEL_HM_03,bulk_handymax,12.408214289712534,1431.4892985815775,376022.68176865164,5780.252504649422,-19175.184303987982,362627.74996931304,2314.773100010067,3241.97913166676,3308.1419710885307,194.70958059752493,818.6269357477173,272.3283812938724,546.2985544538449,546.2985544538449,200.60287211281457
36,2026-03-02T05:20:00+00:00,VESSEL_FE_01,container_feeder,12.776642621922065,1160.169334117217,144621.32062616327,28296.551377547567,109.58991013028196,173027.4619138411,1137.286518210634,1592.8382607992073,1625.345164080824,207.81940387269364,512.2782630866423,236.72462241454315,275.5536406720991,275.5536406720991,116.4026107050073
37,2026-03-02T05:20:00+00:00,VESSEL_HM_03,bulk_handymax,13.77266392451853,1708.5159943146004,466702.03758922213,0.0,-4505.717078780691,462196.32051044144,3274.7830985409873,4586.5309503375165,4680.133622793384,185.78920854944866,1044.0183216844466,321.59676471707706,722.4215569673695,722.4215569673695,224.63582853606
38,2026-03-02T05:20:00+00:00,VESSEL_FE_02,container_feeder,16.862613855332853,2693.23977773362,251153.67243817536,26466.7465987454,-2461.1980853494506,275159.2209515713,2386.9706147423362,3343.0960990789017,3411.322550080512,193.98349434526568,836.2402686034203,524.3321038451015,311.9081647583188,311.9081647583188,59.48675705168396
39,2026-03-02T05:25:00+00:00,VESSEL_FE_01,container_feeder,16.948304613567462,2576.8477486393767,253745.66059021806,45824.556637793576,2133.925439150144,301704.14266716177,2630.5444264611283,3684.23589140214,3759.4243789817756,191.60015928045908,894.8063098157492,507.83823136472455,386.9680784510246,386.9680784510246,76.19908359619106
40,2026-03-02T05:25:00+00:00,VESSEL_FE_02,container_feeder,13.317803233389425,1229.1159672551137,156889.7247004643,33357.0411515728,-1018.0482338533409,189228.7176181838,1296.4558944629707,1815.7645580713875,1852.8209776238648,205.90759353386912,556.0099087516007,255.56123002912068,300.44867872248005,300.44867872248005,117.56426383150705
41,2026-03-02T05:25:00+00:00,VESSEL_HM_03,bulk_handymax,14.417880666321912,1924.361764613552,513827.61148227454,0.0,-14806.522865085273,499021.08861718926,3701.335326878106,5183.943034843285,5289.737790656413,182.3353196505888,1139.0060309271364,356.0558000765709,782.9502308505655,782.9502308505655,219.89537333254776
42,2026-03-02T05:30:00+00:00,VESSEL_FE_02,container_feeder,12.689751282896804,1186.8610694007054,142701.48899500925,0.0,-24934.67374323081,117766.81525177843,768.8013674190444,1076.7526154328352,1098.727158604934,208.89151873767258,404.0147848393123,257.1674633487466,146.84732149056572,146.84732149056572,57.101827571174915
43,2026-03-02T05:30:00+00:00,VESSEL_FE_01,container_feeder,11.31236367501444,832.2373580301875,114082.48560950816,67663.23692304523,3883.2882679814807,185629.0108005349,1080.282436585932,1513.0006114648904,1543.878174964174,208.51470748642677,496.42130604733313,170.34000348474905,326.0813025625841,326.0813025625841,191.42966765982186
44,2026-03-02T05:30:00+00:00,VESSEL_HM_03,bulk_handymax,14.37555119030223,1945.4530739801248,510649.0083995094,24459.971946118963,17631.641111563353,552740.6214571916,4087.746867028536,5725.135668107193,5841.9751715379525,179.477136897861,1223.000977616022,365.3878595886825,857.6131180273396,857.6131180273396,234.7130851563475
45,2026-03-02T05:35:00+00:00,VESSEL_FE_01,container_feeder,12.073995103464451,989.0267194852102,129488.48423520764,0.0,-11281.08072912523,118207.40350608241,734.2327967299422,1028.3372503220478,1049.3237248184162,208.89151873767258,393.6948265247906,191.7435042589668,201.9513222658238,201.9513222658238,105.32368386940003
46,2026-03-02T05:35:00+00:00,VESSEL_HM_03,bulk_handymax,13.65259867354204,1643.532967596775,458241.0682032119,0.0,25380.470557531313,483621.5387607432,3396.7146548964693,4757.303438230349,4854.391263500355,184.76989722189074,1071.445374831805,315.9175855112827,755.5277893205224,755.5277893205224,239.15344506630493
47,2026-03-02T05:35:00+00:00,VESSEL_FE_02,container_feeder,14.206644931232766,1654.819161631439,178224.22478091318,250278.99105618263,-2056.151828939494,426447.0640081563,3116.698280066939,4365.1236415503345,4454.207797500341,187.1488924907899,1008.1000562260294,337.3627179257418,670.7373383002877,670.7373383002877,198.8178606172856
48,2026-03-02T05:40:00+00:00,VESSEL_HM_03,bulk_handymax,12.383707937991485,1245.9863941533415,374501.01266673394,85133.54089736012,5205.627003273058,464840.1805673671,2961.3686090656943,4147.575082725061,4232.21947216843,188.52682688424966,972.3869077656481,235.698517622062,736.688390143586,736.688390143586,312.55537691792
49,2026-03-02T05:40:00+00:00,VESSEL_FE_01,container_feeder,14.78409586307426,1779.7191240782538,192890.43835548742,0.0,-4296.908615010151,188593.52974047727,1434.3649530004643,2008.9145000006502,2049.912755102704,204.2864461715317,593.2693917016247,361.2776687303417,231.99172297128302,231.99172297128302,64.21424379386207
50,2026-03-02T05:40:00+00:00,VESSEL_FE_02,container_feeder,16.62290041207946,2377.447516507961,243984.50413980946,154016.5113468479,9253.500547216709,407254.51603387407,3482.6579184344687,4877.672154670124,4977.216484357269,184.06683103912567,1090.6404656713407,472.5651854393024,618.0752802320383,618.0752802320383,130.7915393000159
51,2026-03-02T05:45:00+00:00,VESSEL_HM_03,bulk_handymax,13.841611278358078,1635.90888520831,471603.9693747896,0.0,8541.293175479226,480145.26255026885,3418.986634754251,4788.496687330883,4886.22110952131,184.58647749924197,1076.4303428889764,311.49840892782566,764.9319339611507,764.9319339611507,245.565278035942
52,2026-03-02T05:45:00+00:00,VESSEL_FE_01,container_feeder,15.89112595108235,2152.5033333184106,222834.23615636246,0.0,-994.7088995008086,221839.52725686165,1813.559076705264,2539.9987068701175,2591.8354151735894,199.99790150136985,692.8616440716496,436.07602494125234,256.78561913039727,256.78561913039727,58.8855163878801
53,2026-03-02T05:45:00+00:00,VESSEL_FE_02,container_feeder,15.909412321976902,2154.0519952790823,223349.4287336617,0.0,-2332.4549528223015,221016.9737808394,1808.9138004156746,2533.4927176690117,2585.196650682665,200.04893867766788,691.6658462421289,432.4133598009058,259.252486441223,259.252486441223,59.95478182278862
54,2026-03-02T05:50:00+00:00,VESSEL_HM_03,bulk_handymax,15.639320094048438,2394.700287991433,611012.5895853043,0.0,-4729.220143227832,606283.3694420764,4877.885822454056,6831.77286057991,6971.196796510113,174.43371487932768,1390.5117543701276,435.8947263666146,954.617028003513,954.617028003513,219.0017383235375
55,2026-03-02T05:50:00+00:00,VESSEL_FE_01,container_feeder,14.200781023247524,1664.4273630063578,178078.579350928,7706.708969512242,-112.0843455286716,185673.20397491156,1356.4368157308209,1899.7714506033903,1938.5422965340717,205.19847879812997,572.2859303346249,342.459444368806,229.82648596581896,229.82648596581896,67.11057024267994
56,2026-03-02T05:50:00+00:00,VESSEL_FE_02,container_feeder,15.546991147887892,2019.2656680765149,213264.52436024675,0.0,4259.432202411866,217523.95656265863,1739.7688542505139,2436.6510563732686,2486.378628952315,200.8130234780575,673.7972099911417,410.4846423799328,263.3125676112089,263.3125676112089,64.14675250322627
57,2026-03-02T05:55:00+00:00,VESSEL_FE_01,container_feeder,14.352254036384448,1500.4841757982244,181861.90062814174,0.0,1046.3445274966296,182908.24515563837,1350.490402955347,1891.4431413940433,1930.0440218306564,205.26850244238028,570.6772460090476,296.40001111882736,274.27723489022026,274.27723489022026,92.53617564145839
58,2026-03-02T05:55:00+00:00,VESSEL_HM_03,bulk_handymax,13.724609280738257,1599.5539594740949,463304.18692573067,0.0,-2486.843719756006,460817.34320597467,3253.6206193044604,4556.891623675714,4649.889411913994,185.96872981824822,1039.2340277289668,306.56649947988853,732.6675282490783,732.6675282490783,238.99138669492586
59,2026-03-02T05:55:00+00:00,VESSEL_FE_02,container_feeder,15.330421479649935,2277.6282354392188,207363.78174131404,23096.069673454855,7165.829341173137,237625.68075594204,1874.0689943710763,2624.746490715793,2678.31274562836,199.3364823060939,708.3854412291334,447.96552670499705,260.4199145241364,260.4199145241364,58.13391857173714
60,2026-03-02T06:00:00+00:00,VESSEL_HM_03,bulk_handymax,14.760836068079032,1940.476049578394,540040.09865493,0.0,4060.8365593360386,544100.9352142661,4131.697675332623,5786.691422034485,5904.787165341311,179.16834247492025,1232.4509290813858,358.72684302721706,873.7240860541688,873.7240860541688,243.5625052981826
61,2026-03-02T06:00:00+00:00,VESSEL_FE_02,container_feeder,12.546057949164016,1129.9267483670058,139556.7880562656,0.0,13681.330499024287,153238.11855528987,989.0362433596282,1385.2048226325323,1413.4743088087066,208.89151873767258,469.7627950637327,234.18114965344452,235.5816454102882,235.5816454102882,100.59803949161417
62,2026-03-02T06:00:00+00:00,VESSEL_FE_01,container_feeder,14.273460614553642,1624.0938408134289,179888.4067200796,144253.07991473397,-8035.437321293755,316106.04931351985,2321.133899574655,3250.887814530329,3317.232463806458,194.64524956482165,820.1835407821362,320.77585690826743,499.4076838738688,499.4076838738688,155.68742881316186
63,2026-03-02T06:05:00+00:00,VESSEL_FE_02,container_feeder,15.5231521778557,1993.2757910108928,212610.4164111402,0.0,3626.3057992561858,216236.7222103964,1726.821594232843,2418.5176389815724,2467.8751418179313,200.95701273051648,670.4368162916312,399.86567705229993,270.5711392393313,270.5711392393313,67.66550738585704
64,2026-03-02T06:05:00+00:00,VESSEL_FE_01,container_feeder,15.51220857602571,2037.893463828636,212310.51973214553,61137.641737482314,4110.5268808151495,277558.68835044303,2214.963472041024,3102.189736752134,3165.499731379729,195.72815309172213,794.0774160352969,401.0171343207947,393.0602817145022,393.0602817145022,98.01583226119027
65,2026-03-02T06:05:00+00:00,VESSEL_HM_03,bulk_handymax,13.01330035088262,1370.0500219077448,414773.56996268616,0.0,-15563.748219949448,399209.82174273673,2672.555775634452,3743.0753160146382,3819.4646081782025,191.19942214965596,904.7794260047344,265.7487305744065,639.0306954303279,639.0306954303279,240.46425134339705
66,2026-03-02T06:10:00+00:00,VESSEL_FE_02,container_feeder,14.33465694883606,1616.857321708804,181420.12417661824,71864.60912272721,6988.881889164784,260273.61518851024,1919.3560893382128,2688.173794591334,2743.034484276872,198.84558846284625,719.9403061999145,326.57334544362544,393.3669607562891,393.3669607562891,120.45286801405348
67,2026-03-02T06:10:00+00:00,VESSEL_FE_01,container_feeder,16.06282278438328,2268.80078352586,227698.28450216167,149542.34336936075,-13.702561730473416,377226.925309792,3117.1855770723064,4365.80613035337,4454.904214646295,187.14463508820486,1008.2114236028868,454.5696655713818,553.6417580315051,553.6417580315051,121.79469946275283
68,2026-03-02T06:10:00+00:00,VESSEL_HM_03,bulk_handymax,13.56679848421136,1948.593900132132,452253.0153913413,0.0,-24585.040463551533,427667.97492778976,2984.8479361178797,4180.459294282744,4265.774790084432,188.31587357179652,977.8131060552969,367.9825261445183,609.8305799107786,609.8305799107786,165.72270055868873
69,2026-03-02T06:15:00+00:00,VESSEL_HM_03,bulk_handymax,14.003129596080312,1759.3731321393368,483211.75431506225,79394.14297534159,-607.1191701542047,561998.7781202496,4048.541410873261,5670.226065648824,5785.94496494778,179.7554000423912,1214.5548517974473,332.90665318944804,881.6481986079993,881.6481986079993,264.83345711516245
70,2026-03-02T06:15:00+00:00,VESSEL_FE_01,container_feeder,15.958695513109223,2058.472379953181,224741.2882847282,18371.94890886486,-8242.263660994264,234870.9735325988,1928.256672709834,2700.6395976328204,2755.7546914620616,198.74952530531627,722.204936785983,407.407013454956,314.79792333102705,314.79792333102705,77.26865589804873
71,2026-03-02T06:15:00+00:00,VESSEL_FE_02,container_feeder,12.735024209815537,1162.7187769684222,143700.05968422862,0.0,-16799.536779865106,126900.52290436352,831.3832930193677,1164.402371175585,1188.1656848730458,208.89151873767258,422.69773442511746,240.91227495576967,181.78545946934778,181.78545946934778,75.4571179499769
72,2026-03-02T06:20:00+00:00,VESSEL_HM_03,bulk_handymax,11.814693401127142,1243.3656550329276,340190.70315753843,9382.087011668356,21908.205755540625,371480.99592474743,2257.8607993224846,3162.270027062303,3226.8061500635745,195.28827569270345,804.6574090405263,239.33085071871588,565.3265583218105,565.3265583218105,236.21131860941546
73,2026-03-02T06:20:00+00:00,VESSEL_FE_02,container_feeder,14.38445243160741,1621.7202286299328,182671.78297921206,14357.680182140302,-6916.730509847838,190112.7326515045,1406.8333179631943,1970.3547870632972,2010.5661092482624,204.6074673596873,585.8768395725074,318.8079354488572,267.06890412365016,267.06890412365016,83.77109677261878
74,2026-03-02T06:20:00+00:00,VESSEL_FE_01,container_feeder,16.328591142531955,2359.348259037399,235345.91732668507,0.0,7151.267341399568,242497.18466808464,2037.0116931708114,2852.95755346052,2911.1811770005306,197.58676800005614,749.7108798261341,462.4515646208783,287.25931520525586,287.25931520525586,62.11662737929181
75,2026-03-02T06:25:00+00:00,VESSEL_FE_02,container_feeder,15.293227201051096,1879.228246929092,206359.75898547712,0.0,-6623.239579798642,199736.51940567847,1571.4288589031491,2200.880754766315,2245.796688537056,202.70770841329565,629.7403002955145,386.11760463348224,243.6226956620323,243.6226956620323,63.0954643710919
76,2026-03-02T06:25:00+00:00,VESSEL_HM_03,bulk_handymax,13.373190139472149,1729.3711719409243,438917.9715581089,0.0,6557.753124336442,445475.72468244535,3064.76492592701,4292.387851438389,4379.98760350856,187.6049680820113,996.2074345558286,315.5850733016895,680.6223612541392,680.6223612541392,215.67001066729335
77,2026-03-02T06:25:00+00:00,VESSEL_FE_01,container_feeder,15.322030785622228,1934.6709441508945,207137.04352729526,0.0,3216.8954803543174,210353.93900764958,1658.0784920780156,2322.2387844229906,2369.631412676521,201.72635822977801,652.5171152261189,382.00128384594353,270.51583138017537,270.51583138017537,70.81542466471686
78,2026-03-02T06:30:00+00:00,VESSEL_HM_03,bulk_handymax,14.936777681144669,2144.8746375567066,553808.5596186108,0.0,18244.5069107239,572053.0665293346,4395.733366442381,6156.48930874283,6282.131947696766,177.38332049023086,1288.8454246402137,403.6316246772507,885.2137999629629,885.2137999629629,219.3123000881786
79,2026-03-02T06:30:00+00:00,VESSEL_FE_01,container_feeder,16.042298325280694,2218.2707908233897,227113.68711597906,69411.79457372212,92.00081314970133,296617.4825028509,2447.943778608898,3428.492687127308,3498.46192564011,193.37728721487218,851.0230766048024,433.198698499532,417.82437810527045,417.82437810527045,96.45097724265712
80,2026-03-02T06:30:00+00:00,VESSEL_FE_02,container_feeder,15.081508561876532,1851.077674078854,200696.75015016133,0.0,-842.8728447655645,199853.87730539576,1550.584611811649,2171.6871313888637,2216.007276927412,202.94571051824252,624.2291713296295,370.02649077174,254.2026805578895,254.2026805578895,68.6985085926458
81,2026-03-02T06:35:00+00:00,VESSEL_FE_01,container_feeder,14.608051999718636,1831.302197363467,188351.0175143512,19916.69956444214,212.14076241706326,208479.85784121038,1566.731281742794,2194.3015150459296,2239.0831786182957,202.76128055437732,628.4993725644113,363.87892416538745,264.6204483990238,264.6204483990238,72.72211464458177
82,2026-03-02T06:35:00+00:00,VESSEL_FE_02,container_feeder,15.529527440487328,2140.402270111305,212785.23339399954,157238.16853414683,-18475.006218374336,351548.395709772,2808.5455202500584,3933.5371432073644,4013.813411436086,189.92310294277297,936.8158977332586,421.3624243103818,515.4534734228768,515.4534734228768,122.33019455080458
83,2026-03-02T06:35:00+00:00,VESSEL_HM_03,bulk_handymax,13.732074581233976,1688.8334873937622,463831.0394900889,71424.14098775783,5857.84075890234,541113.021236749,3822.629831690777,5353.823293684561,5463.084993555674,181.41042832246333,1165.5605886429566,313.1795499210214,852.3810387219353,852.3810387219353,272.1700822856701
84,2026-03-02T06:40:00+00:00,VESSEL_FE_02,container_feeder,16.279785911579605,2297.998614533434,233930.66596340365,0.0,4789.442560588445,238720.1085239921,1999.2900240569,2800.126084113305,2857.2715144013314,197.98776147485972,740.204791062202,455.9981323302579,284.2066587319442,284.2066587319442,62.32627692564906
85,2026-03-02T06:40:00+00:00,VESSEL_FE_01,container_feeder,14.874256015622628,1809.9303277077656,195238.63207546537,11411.947266300325,10360.693719211009,217011.2730609767,1660.5641334333716,2325.7200748366545,2373.183749833321,201.69839801148774,653.1673605282762,354.00345474387154,299.1639057844046,299.1639057844046,84.50875317046145
86,2026-03-02T06:40:00+00:00,VESSEL_HM_03,bulk_handymax,12.406282124563855,1245.227043951118,375902.5747061393,0.0,17700.404091086784,393602.97879722604,2512.107012836347,3518.35716083522,3590.160368199204,192.74628211550277,866.490063168821,231.849002645697,634.641060523124,634.641060523124,273.73033883305453
87,2026-03-02T06:45:00+00:00,VESSEL_FE_02,container_feeder,17.061411635217937,2700.111072026284,257190.62838588987,51821.32430774473,-572.59149454998,308439.3611990846,2707.2157160857514,3791.6186499800438,3868.9986224286163,190.8710982813687,912.9800163120525,537.2519476204671,375.72806869158535,375.72806869158535,69.93517107861884
88,2026-03-02T06:45:00+00:00,VESSEL_FE_01,container_feeder,14.269378910225573,1796.7242802390217,179786.498611919,20278.85666530773,-4480.531802090325,195584.8234751364,1435.7483610378733,2010.852046271531,2051.8898431342154,204.2703499842444,593.6402563861425,353.6811194640178,239.95913692212469,239.95913692212469,67.84618225755679
89,2026-03-02T06:45:00+00:00,VESSEL_HM_03,bulk_handymax,13.672530801916464,1727.1019032506415,459639.08264833153,155083.7486515464,1701.031083671143,616423.8623835491,4335.772227139342,6072.510122043896,6196.438900044793,177.7781461107407,1276.0914201384405,322.3801610243564,953.7112591140841,953.7112591140841,295.8343516188111
90,2026-03-02T06:50:00+00:00,VESSEL_FE_01,container_feeder,13.202267590022345,1464.9526337575098,154225.14192588805,186120.5237423077,-4883.084660236958,335462.5810079588,2278.4039319478456,3191.041921495582,3256.1652260159,195.07874544245246,809.7086272445214,294.3732278729498,515.3353993715716,515.3353993715716,175.0619114024826
91,2026-03-02T06:50:00+00:00,VESSEL_HM_03,bulk_handymax,13.966903789481524,1941.867192709664,480593.10258197505,117816.68957287891,12058.985400157988,610468.7775550119,4386.334066108001,6143.325022560225,6268.699002612475,177.44480248939925,1286.8480563840646,362.5473460487082,924.3007103353564,924.3007103353564,254.9462078288601
92,2026-03-02T06:50:00+00:00,VESSEL_FE_02,container_feeder,15.35773463452063,1933.3108342668147,208102.82173854054,0.0,10665.641190822389,218768.46292936293,1728.422777908587,2420.7601931492813,2470.163462397226,200.93918997006776,670.8526452277565,390.3991281351802,280.4535170925763,280.4535170925763,71.83763919561471
93,2026-03-02T06:55:00+00:00,VESSEL_HM_03,bulk_handymax,12.966682830378543,1682.490935148406,411706.56675524317,85455.69780922696,15927.744727656209,513090.00929212634,3422.6347282422525,4793.606061963938,4891.43475710606,184.55651529333355,1077.246153556188,323.32417590571515,753.9219776504727,753.9219776504727,233.17834972857847
94,2026-03-02T06:55:00+00:00,VESSEL_FE_02,container_feeder,12.240780364392585,1134.5201465132125,132999.91461732783,78868.85069705601,6491.7278088195335,218360.49312320337,1375.0588268623794,1925.8526986868058,1965.1558149865366,204.97958432281263,577.3168220854984,244.6276486720943,332.6891734134041,332.6891734134041,135.9981895829567
95,2026-03-02T06:55:00+00:00,VESSEL_FE_01,container_feeder,14.581938778725217,2039.5487305954064,187682.7870453493,58289.64198114687,-2536.9821285517305,243435.44689794446,1826.1531363718013,2557.637445898881,2609.834128468246,199.85971892965685,696.1007153686896,389.2511376020323,306.8495777666573,306.8495777666573,78.8307465604322
96,2026-03-02T07:00:00+00:00,VESSEL_HM_03,bulk_handymax,15.00357227386105,2241.6457245138204,559093.3346180217,101126.11060416306,-11703.97449602154,648515.4707261632,5005.565191817779,7010.595506747589,7153.668884436315,173.7197170126582,1417.2333342065351,418.076744678299,999.156589528236,999.156589528236,238.98879864678082
97,2026-03-02T07:00:00+00:00,VESSEL_FE_02,container_feeder,12.683859273221309,1332.79660076276,142571.8053674191,56624.30273234901,-11437.305770452213,187758.8023293159,1225.1515889559287,1715.8985839718887,1750.9169224202947,206.75864324190707,536.5172073089155,278.3288447040575,258.18836260485807,258.18836260485807,92.7637819498678
98,2026-03-02T07:00:00+00:00,VESSEL_FE_01,container_feeder,14.884543820486162,1822.806750816516,195507.58326724483,52437.24890671129,12247.022673562265,260191.85484751838,1992.3577911756456,2790.417074475694,2847.364361709892,198.06172006526933,738.4538831328089,368.4803721379891,369.9735109948198,369.9735109948198,100.4052153031021
99,2026-03-02T07:05:00+00:00,VESSEL_HM_03,bulk_handymax,12.010257644937209,1256.1114752446829,351763.5940168955,21608.145055279663,14041.453313305054,387413.1923854802,2393.6730812984683,3352.4833071407115,3420.9013338170525,193.9165436871477,837.8693629485563,247.9381614978201,589.9312014507361,589.9312014507361,237.93481321588445
100,2026-03-02T07:05:00+00:00,VESSEL_FE_02,container_feeder,14.59812434472937,1621.9465215867851,188096.81596784224,0.0,-6768.850843049823,181327.96512479242,1361.7580549760323,1907.2241666330983,1946.147108809284,205.13586872216848,573.724577826729,328.73961192967687,244.98496589705218,244.98496589705218,74.52249653122385
101,2026-03-02T07:05:00+00:00,VESSEL_FE_01,container_feeder,13.405925753444269,1713.1875583175915,158938.73217607083,0.0,-5900.7138064095525,153038.01836966127,1055.4417018654133,1478.2096664781698,1508.37721069201,208.81945255930708,489.47850338964014,352.03241461339286,137.44608877624728,137.44608877624728,39.04358890563887
102,2026-03-02T07:10:00+00:00,VESSEL_FE_02,container_feeder,15.897164951475489,2288.183455620797,223004.3015158774,0.0,-1377.3281584440047,221626.9733574334,1812.5099631295252,2538.529360125385,2590.336081760597,200.0094247542845,692.5916296332043,456.3538301241152,236.23779950908914,236.23779950908914,51.76636721660455
103,2026-03-02T07:10:00+00:00,VESSEL_HM_03,bulk_handymax,12.758674921470725,1324.2097494673435,398188.5659706585,0.0,25.18351830955712,398213.74948896805,2613.725228222589,3660.6795913481637,3735.3873381103713,191.76144654696915,890.8032793692773,249.82200926961343,640.9812700996639,640.9812700996639,256.5751800546535
104,2026-03-02T07:10:00+00:00,VESSEL_FE_01,container_feeder,15.696747143336385,2074.516035044878,217399.65832666366,0.0,-17839.73148968221,199559.92683698144,1611.46584383235,2256.95496335063,2303.0152687251325,202.252661610046,640.2909678282333,401.9643839324945,238.3265838957388,238.3265838957388,59.29047284342563
105,2026-03-02T07:15:00+00:00,VESSEL_HM_03,bulk_handymax,13.93541789594787,1774.5964020570516,478324.2488620562,97514.79084016479,14725.399051176993,590564.4387533979,4233.751810174799,5929.624383998317,6050.637126528895,178.46415827012842,1254.3218617839677,338.9632575549018,915.3586042290659,915.3586042290659,270.0465563235288
106,2026-03-02T07:15:00+00:00,VESSEL_FE_01,container_feeder,12.66323380117222,1132.3381005020187,142118.33479292097,2189.125949181988,249.36519128977883,144556.82593339274,941.7190058125041,1318.9341818102296,1345.8512059288057,208.89151873767258,455.63690240139636,221.6166438853285,234.02025851606786,234.02025851606786,105.59687865192895
107,2026-03-02T07:15:00+00:00,VESSEL_FE_02,container_feeder,16.149693038682084,2503.365747355762,230182.12058434484,320.0184374203855,1841.1557209651817,232343.29474273042,1930.3342744642653,2703.549404011576,2758.723881644465,198.72712159818087,722.7332562833652,489.3563992160696,233.37685706729565,233.37685706729565,47.69057019406644
108,2026-03-02T07:20:00+00:00,VESSEL_FE_01,container_feeder,14.94814820772478,1957.889105588197,197174.96998419001,176187.8246711263,-3566.8697021739863,369795.9249531423,2843.7251738515006,3982.808366738796,4064.0901701416287,189.59811613844528,945.0438400756263,395.3874654129029,549.6563746627235,549.6563746627235,139.0171471644195
109,2026-03-02T07:20:00+00:00,VESSEL_FE_02,container_feeder,15.723623819947262,2306.8499720258887,218146.5563735998,126738.50212832872,3814.6747623503106,348699.73326427885,2820.605617633016,3950.4280359005825,4031.0490162250844,189.8114524860221,939.6392688120337,458.9814612997587,480.65780751227504,480.65780751227504,104.7227062616282
110,2026-03-02T07:20:00+00:00,VESSEL_HM_03,bulk_handymax,15.089981224385031,2210.4964951211,565977.4334951267,0.0,1351.4870674788976,567328.9205626056,4404.146214646085,6168.272009308243,6294.155111539023,177.32842011710318,1290.6325819012043,409.245828693349,881.3867532078552,881.3867532078552,215.36853680878565
111,2026-03-02T07:25:00+00:00,VESSEL_FE_02,container_feeder,14.7895619559894,1784.8726020650915,193032.34980166826,80543.79675601458,338.25488612551123,273914.40144380834,2084.0507184073426,2918.838541186754,2978.406674680361,197.09016348994098,761.5146584522838,370.8034651767866,390.71119327549724,390.71119327549724,105.3688085382965
112,2026-03-02T07:25:00+00:00,VESSEL_HM_03,bulk_handymax,13.377935372221396,1487.2443971421233,439241.8897020072,37715.61763958149,4280.4313010176775,481237.9386426064,3311.9750601949913,4638.620532485982,4733.286257638757,185.4755792698684,1052.409010485656,289.05372111674234,763.3552893689136,763.3552893689136,264.08768806702597
113,2026-03-02T07:25:00+00:00,VESSEL_FE_01,container_feeder,14.2275030896805,1672.8558932211256,178742.82381995764,8197.021900798525,7146.935175471377,194086.78089622754,1420.5703696837918,1989.5943552994281,2030.1983217341103,204.44712889693471,589.5682179699143,345.64972714886693,243.91849082104733,243.91849082104733,70.56811322636882
114,2026-03-02T07:30:00+00:00,VESSEL_FE_02,container_feeder,12.856691507878256,1186.5829967129728,146402.16809657568,10543.214244653062,-386.1536242028979,156559.22871702584,1035.4902232172528,1450.2664190717826,1479.8636929303905,208.89151873767258,483.63097434097,248.24727677753185,235.38369756343815,235.38369756343815,94.81823954684447
115,2026-03-02T07:30:00+00:00,VESSEL_FE_01,container_feeder,13.574968108815392,1340.5809574362163,162909.75888316374,0.0,1972.070141648821,164881.82902481256,1151.4622932711873,1612.69228749466,1645.6043749945509,207.64736520150072,516.2054126316808,271.8869619787621,244.31845065291873,244.31845065291873,89.86030403032095
116,2026-03-02T07:30:00+00:00,VESSEL_HM_03,bulk_handymax,15.135177291608692,2270.6802714077826,569599.5537552414,75094.66004289014,11410.70941471476,656104.9232128463,5108.564905412617,7154.852808701144,7300.870212960351,173.1642033859736,1438.7493744516623,416.194915265209,1022.5544591864534,1022.5544591864534,245.69124265606615
117,2026-03-02T07:35:00+00:00,VESSEL_FE_02,container_feeder,13.893996372760236,1461.3856819138298,170550.0559062924,80376.78282596801,2316.5166350055542,253243.35536726596,1810.1032437456295,2535.158604685755,2586.896535393628,200.03586684341326,691.9720908916869,299.30371507380266,392.6683758178842,392.6683758178842,131.19395317931807
118,2026-03-02T07:35:00+00:00,VESSEL_FE_01,container_feeder,14.66596027163868,1687.0592572604764,189837.586003641,0.0,-16613.550338967405,173224.03566467357,1306.9433487179936,1830.4528693529319,1867.8090503601345,205.7831600537139,558.863648760035,333.3375422192363,225.52610654079865,225.52610654079865,67.65697768074081
119,2026-03-02T07:35:00+00:00,VESSEL_HM_03,bulk_handymax,15.14467022568564,2144.417010031624,570362.2136478496,0.0,2840.2019481407915,573202.4155959904,4465.868587109794,6254.717909117358,6382.36521338506,176.92936367923477,1303.727815972702,394.96095325139765,908.7668627213044,908.7668627213044,230.0903051909698
120,2026-03-02T07:40:00+00:00,VESSEL_HM_03,bulk_handymax,12.801694065657172,1774.9340643085975,400962.00425616046,271749.9328281128,-5187.187993991904,667524.7490902813,4396.154254964575,6157.07878846579,6282.733457618154,177.38057096714417,1288.934847946688,335.19865135684813,953.7361965898399,953.7361965898399,284.5286497213572
121,2026-03-02T07:40:00+00:00,VESSEL_FE_02,container_feeder,15.415057635610024,2150.534251881578,209658.6902208125,1135.7997833408583,-1961.9503617285138,208832.53964242485,1656.080445818142,2319.4404003055206,2366.7759186791027,201.7488413593876,651.9942993508091,434.27919693522335,217.71510241558576,217.71510241558576,50.13251934516677
122,2026-03-02T07:40:00+00:00,VESSEL_FE_01,container_feeder,15.737572857698186,2157.362549189896,218534.7707252874,157271.84136930513,603.9268797101614,376410.5389743027,3047.4573386949473,4268.1475331862,4355.252584883878,187.75799486945448,992.2334924878054,422.2255089852581,570.0079835025473,570.0079835025473,135.0008399237785
123,2026-03-02T07:45:00+00:00,VESSEL_FE_02,container_feeder,15.230621843657165,1954.2425569559675,204675.98014641742,11958.43373825137,13338.747947537628,229973.16183220642,1801.909180309398,2523.682325363302,2575.1860462890836,200.12596803702323,689.8616003890373,393.6602052114159,296.2013951776214,296.2013951776214,75.24291032123654
124,2026-03-02T07:45:00+00:00,VESSEL_HM_03,bulk_handymax,13.811476713864051,2250.2042855474374,469457.6079819165,46110.86075770786,4028.494551813639,519596.963291438,3691.8566207778413,5170.667536103419,5276.1913633708355,182.40866447404352,1136.9230201019568,410.54099577894266,726.3820243230141,726.3820243230141,176.9328841191142
125,2026-03-02T07:45:00+00:00,VESSEL_FE_01,container_feeder,14.886186471685797,1777.0219451044863,195550.54578300208,0.0,1261.1826567524313,196811.72843975452,1507.2057305193316,2110.932395685338,2154.012648658508,203.4434162690216,612.7196919297708,353.1716181114924,259.54807381827834,259.54807381827834,73.49063755636837
126,2026-03-02T07:50:00+00:00,VESSEL_FE_02,container_feeder,12.690315207995663,1588.283666467534,142713.90434823348,13658.264717716673,-2964.3597938467524,153407.8092721034,1001.5162121800047,1402.6837705602304,1431.3099699594188,208.89151873767258,473.48851340919555,327.4861050026083,146.00240840658722,146.00240840658722,44.58277959775556
127,2026-03-02T07:50:00+00:00,VESSEL_FE_01,container_feeder,15.22457038412426,2008.1814054394044,204513.63655546342,2735.435358801487,9863.083351380194,217112.1552656451,1700.4634096369907,2381.60141405741,2430.2055245483775,201.25104043676163,663.581390290527,401.547206862968,262.034183427559,262.034183427559,65.25613401090867
128,2026-03-02T07:50:00+00:00,VESSEL_HM_03,bulk_handymax,15.01562949213723,2161.269450551999,560050.7011075682,0.0,-679.492933954759,559371.2081736134,4320.975050598994,6051.785785152652,6175.291617502707,177.87653412664892,1272.939470142729,402.2289656995004,870.7105044432287,870.7105044432287,216.47135803086948
129,2026-03-02T07:55:00+00:00,VESSEL_HM_03,bulk_handymax,13.63782724594346,1626.380747466884,457206.70880792366,0.0,-21585.230746676913,435621.47806124674,3056.2760308101374,4280.498642591228,4367.8557577461515,187.6799590048743,994.2589895530018,309.69654398844784,684.562445564554,684.562445564554,221.04297217798114
130,2026-03-02T07:55:00+00:00,VESSEL_FE_02,container_feeder,18.45439071041337,3322.112687298742,301873.20538440865,0.0,6982.37970322069,308855.5850876293,2932.1978884027158,4106.719731656464,4190.530338424964,188.79023868099347,965.6312227911933,651.6316721965771,313.99955059461615,313.99955059461615,48.18666188157475
131,2026-03-02T07:55:00+00:00,VESSEL_FE_01,container_feeder,14.198075993633642,1762.2769813567083,178011.41502497575,72095.16127182687,2303.857922062839,252410.43421886544,1843.6348403673378,2582.121625164338,2634.8179848615696,199.66836194665996,700.589791064909,358.9621624538333,341.62762861107575,341.62762861107575,95.1709300712197
132,2026-03-02T08:00:00+00:00,VESSEL_HM_03,bulk_handymax,13.489250524323497,1754.6760214922367,446882.4381667053,71187.7869059134,251.64490512213203,518321.8699777408,3596.875955430932,5037.641394160969,5140.4504022050705,183.15215977041825,1115.984593356574,332.0906253013903,783.8939680551837,783.8939680551837,236.0482074264389
133,2026-03-02T08:00:00+00:00,VESSEL_FE_02,container_feeder,13.506399375062612,1332.157471121109,161292.56030466632,0.0,-4673.801631885964,156618.75867278036,1088.231947034109,1524.1343795995922,1555.2391628567268,208.41740783529673,498.63891488653593,267.89453154115034,230.7443833453856,230.7443833453856,86.13254702063291
134,2026-03-02T08:00:00+00:00,VESSEL_FE_01,container_feeder,14.969646881322058,1842.2108512964328,197740.34772192014,0.0,7700.695781866062,205441.0435037862,1582.110725022574,2215.8413515722323,2261.062603645135,202.58603175689012,632.55970042637,362.7935821390813,269.7661182872887,269.7661182872887,74.3580183245553
135,2026-03-02T08:05:00+00:00,VESSEL_HM_03,bulk_handymax,13.179197758344175,1491.907132117636,425800.18774757837,42884.52760263506,4602.710518753679,473287.42586896714,3208.869442751732,4494.214905814751,4585.9335773619905,186.35089558437062,1029.0928292318436,282.30740818869526,746.7854210431483,746.7854210431483,264.52916196375344
136,2026-03-02T08:05:00+00:00,VESSEL_FE_01,container_feeder,15.751891667749204,2030.823747777811,218933.68376715385,0.0,-8006.031241279675,210927.65252587417,1709.2450938449415,2393.9006916595818,2442.7558078159,201.15294703373283,665.8675296259349,408.0980432008002,257.76948642513474,257.76948642513474,63.16361735121138
137,2026-03-02T08:05:00+00:00,VESSEL_FE_02,container_feeder,12.833464412121698,1100.8783102660773,145884.22856403366,0.0,16173.097281557417,162057.32584559108,1069.918470991223,1498.485253489108,1529.0665851929673,208.64172289442115,493.5270867549499,227.6144799843694,265.9126067705805,265.9126067705805,116.82587451766737
138,2026-03-02T08:10:00+00:00,VESSEL_FE_02,container_feeder,14.721631921401425,1857.1968776519263,191272.87004886713,0.0,13200.7897254105,204473.65977427762,1548.5721043696803,2168.868493514958,2213.13111583159,202.96872920422973,623.6964101426768,375.24243305138543,248.45397709129134,248.45397709129134,66.21158888426358
139,2026-03-02T08:10:00+00:00,VESSEL_HM_03,bulk_handymax,13.366539451520795,1781.992888736247,438464.22924765915,49599.60998329963,5358.139344814623,493421.9785757734,3392.9353251288285,4752.010259284073,4848.990060493952,184.8011065292747,1070.5987287287371,337.6074029550033,732.9913257737338,732.9913257737338,217.11352279541921
140,2026-03-02T08:10:00+00:00,VESSEL_FE_01,container_feeder,14.464361813965878,1571.3370895289252,184690.34422390832,24144.708280865812,-14595.035893416769,194240.01661135737,1445.3601935132353,2024.313996517136,2065.626527058302,204.15860574535088,596.2154317548343,317.4211237018349,278.7943080529994,278.7943080529994,87.8310506880068
141,2026-03-02T08:15:00+00:00,VESSEL_HM_03,bulk_handymax,13.96587287128701,1791.5519619466145,480518.7098379468,0.0,6275.0329579517465,486793.7427958986,3497.4472903724427,4898.385560745717,4998.3526130058335,183.94712898788978,1093.9326128315402,337.9014680330174,756.0311447985227,756.0311447985227,223.7430778858435
142,2026-03-02T08:15:00+00:00,VESSEL_FE_02,container_feeder,13.953423221163566,1511.6441427403608,171994.4468922308,0.0,-8916.964997527002,163077.4818947038,1170.6117262477655,1639.5122216355257,1672.9716547301284,207.41551557438692,521.5002783071848,303.60449620340694,217.89578210377783,217.89578210377783,71.76961633591667
143,2026-03-02T08:15:00+00:00,VESSEL_FE_01,container_feeder,15.330764138794892,1931.9249567890845,207373.0442457156,0.0,7368.958671939482,214742.00291765507,1693.631443270265,2372.0328337118553,2420.4416670529135,201.3274469636298,661.8013413521551,384.6457680681645,277.1555732839906,277.1555732839906,72.05475694584396
144,2026-03-02T08:20:00+00:00,VESSEL_FE_02,container_feeder,12.710371517874226,1153.1107262855576,143155.83990133437,0.0,-7019.288991828162,136136.55090950622,890.1661892458311,1246.7313574871582,1272.174854578733,208.89151873767258,440.2465374728293,241.5345042306972,198.7120332421321,198.7120332421321,82.27066102834566
145,2026-03-02T08:20:00+00:00,VESSEL_FE_01,container_feeder,14.690457488110724,1716.10181671216,190468.41326723498,0.0,-9010.144712616207,181458.2685546188,1371.3559327660023,1920.6665725014036,1959.8638494912282,205.02306279719747,576.3172890881972,336.83240920408326,239.48487988411392,239.48487988411392,71.09912031624384
146,2026-03-02T08:20:00+00:00,VESSEL_HM_03,bulk_handymax,11.831211901835903,1001.2507121799624,341159.43418515596,5990.875641280235,4913.7468776540445,352064.05670409027,2142.8364642927377,3001.171518617279,3062.419916956407,196.47490579775553,776.1886646971803,193.7847407299428,582.4039239672376,582.4039239672376,300.5416844347265
147,2026-03-02T08:25:00+00:00,VESSEL_FE_01,container_feeder,17.009318018874353,2788.3815415255385,255600.62753936794,13898.5178112328,-4431.450948845644,265067.69440175506,2319.4328728486666,3248.505424157796,3314.801453222241,194.66244635932532,819.7673600796882,542.198163735541,277.56919634414714,277.56919634414714,51.19331176479831
148,2026-03-02T08:25:00+00:00,VESSEL_FE_02,container_feeder,14.553141809188622,1845.738031625478,186947.40922833997,24119.122715879283,-607.2611203683605,210459.2708238509,1575.66151983031,2206.8088513029547,2251.845766635668,202.65947084233457,630.8578714849357,366.11772961166287,264.7401418732728,264.7401418732728,72.3101124204173
149,2026-03-02T08:25:00+00:00,VESSEL_HM_03,bulk_handymax,13.826813669709646,1712.461487324357,470549.24034423305,0.0,5446.9124228279825,475996.152767061,3385.818387959366,4742.042560167179,4838.8189389461,184.85994426664192,1069.0037993699475,315.43808167013015,753.5657176998174,753.5657176998174,238.8949722588853
150,2026-03-02T08:30:00+00:00,VESSEL_HM_03,bulk_handymax,12.42263550596163,1250.3196718025015,376919.85401760344,0.0,4440.781072864239,381360.6350904677,2437.1805931998997,3413.418197758963,3483.079793631595,193.48383125790355,848.4196230488291,235.6092746797276,612.8103483691015,612.8103483691015,260.0960209236743
151,2026-03-02T08:30:00+00:00,VESSEL_FE_02,container_feeder,14.78905545696847,1820.1014826244684,193019.19755900398,0.0,9660.978123260178,202680.17568226415,1542.0193231822998,2159.69092882675,2203.7662539048474,203.04372705871512,621.9609137590629,361.4514757902069,260.509437968856,260.509437968856,72.07314270866623
152,2026-03-02T08:30:00+00:00,VESSEL_FE_01,container_feeder,14.855077707991192,1950.6003048238983,194737.81088819794,79094.42312610477,3858.5930560560078,277690.82707035873,2122.1426236260604,2972.1885484958825,3032.84545764886,196.69081046075414,771.0328310671711,384.08902048910267,386.9438105780684,386.9438105780684,100.74326261274807
153,2026-03-02T08:35:00+00:00,VESSEL_HM_03,bulk_handymax,12.836863250734512,1319.9101242617353,403237.96888988715,0.0,590.250300329437,403828.21919021657,2666.819886143861,3735.0418573443426,3811.2672013717784,191.25395626752,903.4199306549915,250.26213402392412,653.1577966310674,653.1577966310674,260.989461781153
154,2026-03-02T08:35:00+00:00,VESSEL_FE_02,container_feeder,14.135198864939625,1478.3193908996946,176454.14619190927,5181.547842071849,-6806.475909773996,174829.21812420714,1271.3175566319344,1780.5568020055102,1816.89469592399,206.2066311897987,549.1557344730998,302.47818176509463,246.67755270800512,246.67755270800512,81.55218048076458
155,2026-03-02T08:35:00+00:00,VESSEL_FE_01,container_feeder,13.651031378202768,1359.1156917504954,164714.0094155997,0.0,-952.7642518337158,163761.24516376597,1150.0446530737017,1610.706797021991,1643.578364308154,207.66455424523588,515.8129683911667,279.2403606024344,236.57260778873228,236.57260778873228,84.72006241445523
156,2026-03-02T08:40:00+00:00,VESSEL_FE_01,container_feeder,15.177867715420174,2053.7806689624563,203263.17057572908,132426.62359869093,-7960.917500465587,327728.8766739544,2558.96048199208,3583.9782660953497,3657.1206796891324,192.28998957705173,877.7276973794436,402.6131748169558,475.1145225624878,475.1145225624878,118.00769380646673
157,2026-03-02T08:40:00+00:00,VESSEL_FE_02,container_feeder,14.222486703436942,1587.7871821103429,178618.0248550461,0.0,-3023.16704592845,175594.85780911765,1284.7701462318767,1799.3979639101913,1836.1203713369298,206.046468016185,552.8261173665404,322.21212660574054,230.61399076079988,230.61399076079988,71.57210164314507
158,2026-03-02T08:40:00+00:00,VESSEL_HM_03,bulk_handymax,12.446996049261454,1560.6914131664828,378438.26596745773,0.0,7837.001927899584,386275.26789535733,2473.429638207993,3464.187168358533,3534.884865671973,193.12580044420397,857.1774691610023,294.7684210355497,562.4090481254525,562.4090481254525,190.79691309864728
159,2026-03-02T08:45:00+00:00,VESSEL_HM_03,bulk_handymax,13.90535624956439,1755.8835367189347,476164.2306775115,0.0,15791.112850387608,491955.34352789907,3519.2158772189064,4928.873777617516,5029.46303838522,183.7716243613451,1098.772592229398,333.40863712136417,765.3639551080339,765.3639551080339,229.55732692354744
160,2026-03-02T08:45:00+00:00,VESSEL_FE_01,container_feeder,14.64566343273594,1744.090951518082,189315.80433214532,0.0,3841.1759882122146,193156.98032035754,1455.31686843897,2038.2589193823108,2079.8560401860314,204.04302035492537,598.8801083429929,348.7488120067182,250.13129633627472,250.13129633627472,71.72247982638468
161,2026-03-02T08:45:00+00:00,VESSEL_FE_02,container_feeder,12.837108054167178,1206.707946226795,145965.41264539663,0.0,-13108.248136348731,132857.1645090479,877.3851559472755,1228.8307506264362,1253.9089292106491,208.89151873767258,436.4309405815413,250.8025912970428,185.62834928449848,185.62834928449848,74.01372861600383
162,2026-03-02T08:50:00+00:00,VESSEL_HM_03,bulk_handymax,12.85236505768141,1334.1328286080818,404243.62890802237,0.0,345.4107805019968,404589.0396885244,2675.0707498767933,3746.5976889030717,3823.058866227624,191.17552884680296,905.3753005635249,249.11926399139784,656.2560365721271,656.2560365721271,263.4304654154677
163,2026-03-02T08:50:00+00:00,VESSEL_FE_02,container_feeder,14.557175488305422,1779.590275964874,187050.31930028365,65031.6649562319,-281.3200405698161,251800.66421594573,1885.6978037975184,2641.0333386519865,2694.931978216313,199.21009344688383,711.3576512134672,368.58699267232726,342.77065854113994,342.77065854113994,92.99586403089977
164,2026-03-02T08:50:00+00:00,VESSEL_FE_01,container_feeder,15.08395030729365,1836.9471535579055,200761.55749269665,0.0,5018.332233900675,205779.88972659732,1596.8206105625588,2236.4434321604463,2282.0851348575984,202.41879394775592,636.436920683977,359.12846566416835,277.3084550198086,277.3084550198086,77.21706340012823
165,2026-03-02T08:55:00+00:00,VESSEL_FE_01,container_feeder,15.365603398946192,1982.8370217005008,208316.00990593387,0.0,-3557.294668516316,204758.71523741755,1618.5649134569844,2266.897637894936,2313.160854994833,202.17226431806654,642.1569677862201,402.0931765513256,240.0637912348945,240.0637912348945,59.70352277396861
166,2026-03-02T08:55:00+00:00,VESSEL_HM_03,bulk_handymax,12.659118503420846,1273.964958790894,391814.4770060077,0.0,-1534.7029231538618,390279.7740828538,2541.6609510078893,3559.749231103486,3632.397174595394,192.45802422656521,873.5839834287874,249.74087517055196,623.8431082582355,623.8431082582355,249.79615684945577
167,2026-03-02T08:55:00+00:00,VESSEL_FE_02,container_feeder,15.48938432697414,2140.6225965823783,211685.8174901688,0.0,7230.21212292414,218916.02961309292,1744.4150505443959,2443.1583340957923,2493.0187082610128,200.7614225673638,675.0019823575326,427.3012256452513,247.7007567122813,247.7007567122813,57.968651116841016
168,2026-03-02T09:00:00+00:00,VESSEL_HM_03,bulk_handymax,12.308290800829496,1257.5102783831685,369841.15779373934,47121.93234472957,-4158.431833505849,412804.658304963,2613.8486944558235,3660.8525132434497,3735.563789023928,191.76026079454542,890.8326863978887,248.81715936053632,642.0155270373523,642.0155270373523,258.0270302447554
169,2026-03-02T09:00:00+00:00,VESSEL_FE_02,container_feeder,15.330088257497088,1932.307916264018,207354.77455410766,0.0,3276.5587294491793,210631.33328355683,1661.1380961585319,2326.523944199624,2374.004024693494,201.69194319373412,653.3174848901764,374.1847537864412,279.1327311037352,279.1327311037352,74.59756932348047
170,2026-03-02T09:00:00+00:00,VESSEL_FE_01,container_feeder,14.83736661864762,1964.8560676667437,194275.94230804907,6318.978147707459,5612.001102748727,206206.92155850527,1573.9762430119977,2204.4485196246465,2249.4372649231086,202.67867342067197,630.4129607976404,398.8835625920282,231.52939820561215,231.52939820561215,58.04435677947871
171,2026-03-02T09:05:00+00:00,VESSEL_FE_01,container_feeder,15.96397706834912,2298.9312281138464,224890.74273988258,0.0,-8915.848376172095,215974.89436371048,1773.7094174420254,2484.1868591625002,2534.8845501658166,200.4369344350031,682.5844883818881,460.4733925824816,222.11109579940654,222.11109579940654,48.23538110502687
172,2026-03-02T09:05:00+00:00,VESSEL_HM_03,bulk_handymax,13.143010742160977,1604.9898851355042,423379.9871652786,0.0,-8524.509611264462,414855.4775540141,2804.980186738563,3928.54367890555,4008.718039699541,189.95615823388633,935.9806782642006,300.0317127738388,635.9489654903618,635.9489654903618,211.96058230342283
173,2026-03-02T09:05:00+00:00,VESSEL_FE_02,container_feeder,14.389633723167831,1622.356622797774,182802.29337081398,0.0,-16682.27777070897,166120.015600105,1229.7301161295188,1722.3110870161327,1757.4602928736049,206.70373317301912,537.7736034403216,332.91997987668964,204.85362356363197,204.85362356363197,61.53239094857202
174,2026-03-02T09:10:00+00:00,VESSEL_FE_02,container_feeder,14.486153786349108,1640.5558356810247,185242.95646006434,93989.63644546305,1929.1615201969548,281161.7544257243,2095.3059313852655,2934.6021447972903,2994.491984487031,196.97190431310742,764.3307886347466,330.5727132399844,433.75807539476216,433.75807539476216,131.21411962392332
175,2026-03-02T09:10:00+00:00,VESSEL_HM_03,bulk_handymax,15.275611475446588,2298.2360212159087,580948.619333436,39290.395193044875,21434.31814824009,641673.332674721,5042.555664305027,7062.40289118351,7206.533562432153,173.51811049839608,1424.9640869965021,426.8229607777612,998.141126218741,998.141126218741,233.85366251148204
176,2026-03-02T09:10:00+00:00,VESSEL_FE_01,container_feeder,15.097665403710094,1815.137782316452,201125.79340944,27054.117229711206,-2220.6659876417098,225959.2446515095,1755.0036212398668,2457.98826504183,2508.1512908590103,200.64396431768432,677.7454181064692,361.2353615885722,316.510056517897,316.510056517897,87.61879100816965
177,2026-03-02T09:15:00+00:00,VESSEL_FE_02,container_feeder,14.1662673575338,1647.2417273632243,177222.67264380615,47193.53835272623,6658.865781536334,231075.0767780687,1684.017678357478,2358.5681769712573,2406.7022213992423,201.43510046753462,659.2943037629951,334.0422034208416,325.25210034215354,325.25210034215354,97.36856511282981
178,2026-03-02T09:15:00+00:00,VESSEL_FE_01,container_feeder,14.41835756165815,1671.65744909368,183526.7476325055,105103.82140012093,18548.58217917407,307179.15121180046,2278.4821669203357,3191.151494286184,3256.277034985902,195.0779488727964,809.7278449466409,341.4235165562079,468.30432839043294,468.30432839043294,137.16229424206546
179,2026-03-02T09:15:00+00:00,VESSEL_HM_03,bulk_handymax,12.751589340728884,1881.1988551163265,397732.86957573425,84047.90342577326,1419.9233630855795,483200.6963645931,3169.78624060754,4439.47652746154,4530.07808924647,186.68748123978398,1020.2088683009567,354.2974281522477,665.9114401487091,665.9114401487091,187.95265989414847
