algorithm,seed,feasibility,fitness,fuel_tonnes,cost_usd,ghg_tonnes,delay_hours,runtime_seconds,evaluations
DE,1001,1.0,3573.3674,253.84,266274.74,649.94,1.39,4.768,2500
DE,1002,1.0,4.5468,223.35,222682.45,701.51,0.0,2.005,2500
DE,1003,1.0,4.1415,186.73,183485.98,766.31,0.0,1.299,2500
DE,1004,1.0,4.1019,185.29,178427.82,761.25,0.0,1.323,2500
DE,1005,1.0,20001.9005,95.72,103806.16,244.24,0.0,0.949,2500
DE,1006,1.0,4.4555,195.54,191033.68,805.52,0.0,1.108,2500
DE,1007,1.0,20001.801,99.11,109026.21,166.97,0.0,1.034,2500
DE,1008,1.0,4.0721,185.17,178323.1,760.53,0.0,1.756,2500
DE,1009,1.0,10464.8043,203.31,211794.01,597.22,4.76,1.253,2500
DE,1010,1.0,4.039,180.64,173996.52,741.2,0.0,1.508,2500
DE,1011,1.0,20003.4084,151.14,147902.55,630.74,0.0,1.014,2500
DE,1012,1.0,4.5426,210.43,207504.51,780.14,0.0,1.145,2500
DE,1013,1.0,4.6705,219.71,220247.78,774.63,0.0,1.418,2500
DE,1014,1.0,4.8942,225.67,227028.02,801.27,0.0,1.064,2500
DE,1015,1.0,4.2163,190.54,184219.44,784.02,0.0,1.134,2500
DE,1016,1.0,5943.7093,231.56,241724.17,578.99,2.69,1.111,2500
DE,1017,1.0,4.5756,212.69,212566.48,788.53,0.0,1.301,2500
DE,1018,1.0,4.0811,184.08,177224.47,757.11,0.0,1.528,2500
DE,1019,1.0,2583.4383,251.97,266201.22,578.14,0.76,1.202,2500
DE,1020,1.0,5.253,259.0,267736.15,766.51,0.0,1.531,2500
DE,1021,1.0,5.443,263.96,267582.33,790.13,0.0,1.153,2500
DE,1022,1.0,2183.6665,227.69,232410.34,771.14,0.91,1.125,2500
DE,1023,1.0,4.5251,214.52,213315.84,758.75,0.0,1.142,2500
DE,1024,1.0,4.0366,183.03,176222.75,752.62,0.0,1.437,2500
DE,1025,1.0,20002.3575,137.23,152520.04,157.06,0.0,1.068,2500
DE,1026,1.0,4.829,240.96,243528.59,694.84,0.0,1.193,2500
DE,1027,1.0,7.8967,419.96,453076.2,766.67,0.0,0.939,2500
DE,1028,1.0,5.4446,262.07,266344.61,786.94,0.0,1.048,2500
DE,1029,1.0,14452.8182,162.9,166025.8,662.97,6.91,1.046,2500
DE,1030,1.0,4.0962,185.12,178272.37,760.55,0.0,1.998,2500
QPSO,1001,1.0,3.9792,177.8,171239.71,729.95,0.0,2.156,2500
QPSO,1002,0.0,51000.0,200.0,250000.0,750.0,10.0,0.697,2500
QPSO,1003,1.0,3.9897,177.91,172498.69,730.46,0.0,1.558,2500
QPSO,1004,1.0,4.0099,177.8,174078.99,730.02,0.0,2.204,2500
QPSO,1005,1.0,3.9903,177.57,171810.08,729.11,0.0,1.938,2500
QPSO,1006,1.0,20003.2442,141.28,140140.23,594.6,0.0,1.181,2500
QPSO,1007,1.0,4.0157,177.99,174262.1,730.74,0.0,1.714,2500
QPSO,1008,1.0,4.0236,182.7,176683.99,751.38,0.0,1.534,2500
QPSO,1009,1.0,3.9906,177.58,171811.31,729.14,0.0,1.726,2500
QPSO,1010,1.0,4.0445,183.06,177403.85,752.78,0.0,1.002,2500
QPSO,1011,1.0,4.026,179.92,174104.06,737.95,0.0,2.111,2500
QPSO,1012,1.0,20003.247,144.44,139194.28,607.63,0.0,0.881,2500
QPSO,1013,0.0,51000.0,200.0,250000.0,750.0,10.0,0.673,2500
QPSO,1014,1.0,4.033,180.04,173433.2,738.54,0.0,1.573,2500
QPSO,1015,1.0,4.0039,177.87,174148.47,730.2,0.0,1.324,2500
QPSO,1016,1.0,4.0305,182.78,176768.24,751.68,0.0,1.625,2500
QPSO,1017,1.0,4.02,178.13,175538.11,731.54,0.0,1.518,2500
QPSO,1018,1.0,4.0333,182.79,177137.09,751.73,0.0,1.656,2500
QPSO,1019,1.0,3.9918,178.2,171621.51,731.77,0.0,2.303,2500
QPSO,1020,1.0,4.0189,177.6,175820.24,729.23,0.0,1.49,2500
QPSO,1021,0.0,51000.0,200.0,250000.0,750.0,10.0,0.64,2500
QPSO,1022,1.0,20003.4946,154.74,148728.85,641.3,0.0,0.756,2500
QPSO,1023,0.0,51000.0,200.0,250000.0,750.0,10.0,0.79,2500
QPSO,1024,1.0,3.9871,177.74,171175.38,729.83,0.0,2.596,2500
QPSO,1025,0.0,51000.0,200.0,250000.0,750.0,10.0,0.683,2500
QPSO,1026,1.0,4.0225,179.59,174104.68,737.58,0.0,1.115,2500
QPSO,1027,1.0,4.0173,182.71,175906.13,751.42,0.0,2.455,2500
QPSO,1028,1.0,4.0299,182.77,176753.53,751.65,0.0,2.796,2500
QPSO,1029,0.0,51000.0,200.0,250000.0,750.0,10.0,1.588,2500
QPSO,1030,1.0,4.0972,184.83,181982.34,759.34,0.0,2.679,2500
Classical_GA,1001,1.0,12519.728,228.48,243728.8,566.32,5.96,2.154,2500
Classical_GA,1002,1.0,20002.2472,131.93,143700.51,150.36,0.0,3.001,2500
Classical_GA,1003,1.0,10696.6271,338.8,366734.77,614.29,4.88,2.607,2500
Classical_GA,1004,1.0,4.2672,206.42,205716.28,651.24,0.0,4.157,2500
Classical_GA,1005,1.0,7386.2066,247.92,260921.35,591.79,3.24,3.681,2500
Classical_GA,1006,0.0,51000.0,200.0,250000.0,750.0,10.0,1.103,2500
Classical_GA,1007,0.0,51000.0,200.0,250000.0,750.0,10.0,1.096,2500
Classical_GA,1008,1.0,140.4403,420.27,456683.59,633.97,0.03,3.667,2500
Classical_GA,1009,1.0,19247.1205,196.92,211010.83,627.39,9.29,3.33,2500
Classical_GA,1010,1.0,18950.8755,280.9,302069.71,710.4,8.84,3.928,2500
Classical_GA,1011,1.0,4.5412,216.45,216167.37,719.49,0.0,3.111,2500
Classical_GA,1012,0.0,51000.0,200.0,250000.0,750.0,10.0,1.0,2500
Classical_GA,1013,1.0,31122.6423,149.19,157949.3,450.77,5.09,1.014,2500
Classical_GA,1014,1.0,20003.5617,173.04,177069.57,523.86,0.0,3.108,2500
Classical_GA,1015,0.0,51000.0,200.0,250000.0,750.0,10.0,1.116,2500
Classical_GA,1016,1.0,19055.2616,193.36,207384.5,619.27,9.2,3.374,2500
Classical_GA,1017,1.0,40005.2142,281.53,307116.09,472.65,0.0,1.234,2500
Classical_GA,1018,1.0,6.7653,369.37,396523.25,623.34,0.0,3.328,2500
Classical_GA,1019,1.0,4.283,207.35,206648.59,653.89,0.0,3.68,2500
Classical_GA,1020,1.0,41468.4559,49.76,53986.26,83.95,0.56,1.155,2500
Classical_GA,1021,0.0,51000.0,200.0,250000.0,750.0,10.0,1.071,2500
Classical_GA,1022,1.0,4.9869,255.45,264117.7,665.42,0.0,3.358,2500
Classical_GA,1023,1.0,20003.5193,170.63,173545.52,514.93,0.0,1.658,2500
Classical_GA,1024,1.0,4.0021,177.58,174648.81,729.18,0.0,1.431,2500
Classical_GA,1025,0.0,51000.0,200.0,250000.0,750.0,10.0,0.387,2500
Classical_GA,1026,1.0,42169.113,156.72,181703.31,175.38,10.61,0.392,2500
Classical_GA,1027,0.0,51000.0,200.0,250000.0,750.0,10.0,0.403,2500
Classical_GA,1028,1.0,20001.7263,95.23,105032.64,160.05,0.0,0.989,2500
Classical_GA,1029,0.0,101000.0,200.0,250000.0,750.0,10.0,0.368,2500
Classical_GA,1030,0.0,51000.0,200.0,250000.0,750.0,10.0,0.393,2500
NSGA_III,1001,1.0,29434.1936,128.19,145811.5,223.28,4.5,0.26,2500
NSGA_III,1002,1.0,23811.4197,212.58,231684.66,593.52,11.38,0.287,2500
NSGA_III,1003,1.0,22357.4629,181.02,187338.12,565.08,0.92,0.288,2500
NSGA_III,1004,1.0,15096.0351,235.14,248935.69,701.02,7.3,0.343,2500
NSGA_III,1005,1.0,47244.0886,85.8,97831.18,152.43,3.21,0.322,2500
NSGA_III,1006,1.0,24267.2178,122.59,134200.41,210.33,1.94,0.286,2500
NSGA_III,1007,0.0,51000.0,200.0,250000.0,750.0,10.0,0.333,2500
NSGA_III,1008,1.0,40002.8414,126.24,121729.36,538.67,0.0,0.238,2500
NSGA_III,1009,1.0,9391.0843,181.11,180718.24,746.12,4.47,0.218,2500
NSGA_III,1010,1.0,60000.145,6.18,9154.31,17.43,0.0,0.27,2500
NSGA_III,1011,1.0,45294.6161,154.76,182852.11,171.69,12.16,0.22,2500
NSGA_III,1012,0.0,51000.0,200.0,250000.0,750.0,10.0,0.238,2500
NSGA_III,1013,1.0,35645.0797,435.52,489691.04,664.36,17.11,0.25,2500
NSGA_III,1014,0.0,51000.0,200.0,250000.0,750.0,10.0,0.231,2500
NSGA_III,1015,1.0,1231.3662,229.66,239229.68,593.64,0.35,0.237,2500
NSGA_III,1016,1.0,31046.6932,126.29,129314.55,526.35,5.23,0.218,2500
NSGA_III,1017,1.0,37763.7356,100.37,115171.64,219.87,8.55,0.233,2500
NSGA_III,1018,0.0,51000.0,200.0,250000.0,750.0,10.0,0.393,2500
NSGA_III,1019,1.0,24353.192,128.22,139971.39,219.83,1.66,0.441,2500
NSGA_III,1020,0.0,51000.0,200.0,250000.0,750.0,10.0,0.674,2500
NSGA_III,1021,1.0,85174.6202,77.06,107770.71,130.01,22.19,0.23,2500
NSGA_III,1022,0.0,51000.0,200.0,250000.0,750.0,10.0,0.237,2500
NSGA_III,1023,1.0,21783.0044,335.47,370216.58,562.3,10.17,0.233,2500
NSGA_III,1024,1.0,20002.5661,151.38,166157.99,166.04,0.0,0.294,2500
NSGA_III,1025,1.0,40000.8822,41.18,41397.04,147.86,0.0,0.308,2500
NSGA_III,1026,1.0,29397.5871,92.52,102103.66,236.85,4.48,0.233,2500
NSGA_III,1027,1.0,32878.3769,287.02,318206.86,486.54,6.13,0.654,2500
NSGA_III,1028,1.0,40002.8893,128.11,125947.65,546.47,0.0,1.416,2500
NSGA_III,1029,1.0,40003.215,148.12,150472.48,543.4,0.0,0.73,2500
NSGA_III,1030,1.0,37188.8614,341.43,378181.79,506.25,8.33,0.693,2500
