run_id,optimizer,seed,assigned_demands,fuel_decisions,speed_decisions,shore_power_decisions
QPSO_seed_1001,QPSO,1001,"{'CPS_Poseidon': 'DEMAND-A', 'CPS_Triton': 'DEMAND-B', 'OSS_Ceto': 'DEMAND-C'}","{'CPS_Poseidon': 'fossil_lng', 'CPS_Triton': 'vlsfo', 'OSS_Ceto': 'vlsfo'}","{'CPS_Poseidon': 19.147929805235307, 'CPS_Triton': 18.0, 'OSS_Ceto': 11.97926460453585}","{'CPS_Poseidon': False, 'CPS_Triton': False, 'OSS_Ceto': False}"
QPSO_seed_1002,QPSO,1002,"{'CPS_Poseidon': 'DEMAND-A', 'CPS_Triton': 'DEMAND-B', 'OSS_Ceto': 'DEMAND-C'}","{'CPS_Poseidon': 'fossil_lng', 'CPS_Triton': 'vlsfo', 'OSS_Ceto': 'vlsfo'}","{'CPS_Poseidon': 21.373488428867425, 'CPS_Triton': 18.0, 'OSS_Ceto': 11.784323082951714}","{'CPS_Poseidon': False, 'CPS_Triton': True, 'OSS_Ceto': False}"
QPSO_seed_1003,QPSO,1003,"{'CPS_Poseidon': 'DEMAND-A', 'CPS_Triton': 'DEMAND-B', 'OSS_Ceto': 'DEMAND-C'}","{'CPS_Poseidon': 'fossil_lng', 'CPS_Triton': 'vlsfo', 'OSS_Ceto': 'bio_methanol'}","{'CPS_Poseidon': 21.368591865109344, 'CPS_Triton': 18.0, 'OSS_Ceto': 11.852015788717456}","{'CPS_Poseidon': False, 'CPS_Triton': True, 'OSS_Ceto': True}"
QPSO_seed_1004,QPSO,1004,"{'CPS_Poseidon': 'DEMAND-A', 'CPS_Triton': 'DEMAND-B', 'OSS_Ceto': 'DEMAND-C'}","{'CPS_Poseidon': 'fossil_lng', 'CPS_Triton': 'bio_methanol', 'OSS_Ceto': 'bio_methanol'}","{'CPS_Poseidon': 11.964193130053735, 'CPS_Triton': 15.861104914461015, 'OSS_Ceto': 12.018260343263677}","{'CPS_Poseidon': False, 'CPS_Triton': False, 'OSS_Ceto': False}"
QPSO_seed_1005,QPSO,1005,"{'CPS_Poseidon': 'DEMAND-A', 'CPS_Triton': 'DEMAND-B', 'OSS_Ceto': 'UNASSIGNED'}","{'CPS_Poseidon': 'fossil_lng', 'CPS_Triton': 'bio_methanol', 'OSS_Ceto': 'green_ammonia'}","{'CPS_Poseidon': 12.481663840463822, 'CPS_Triton': 11.461497483399212, 'OSS_Ceto': 9.046596151005522}","{'CPS_Poseidon': False, 'CPS_Triton': False, 'OSS_Ceto': True}"
QPSO_seed_1006,QPSO,1006,"{'CPS_Poseidon': 'DEMAND-A', 'CPS_Triton': 'DEMAND-B', 'OSS_Ceto': 'DEMAND-C'}","{'CPS_Poseidon': 'fossil_lng', 'CPS_Triton': 'vlsfo', 'OSS_Ceto': 'vlsfo'}","{'CPS_Poseidon': 19.13508319304565, 'CPS_Triton': 18.0, 'OSS_Ceto': 11.954523886202255}","{'CPS_Poseidon': False, 'CPS_Triton': True, 'OSS_Ceto': True}"
QPSO_seed_1007,QPSO,1007,"{'CPS_Poseidon': 'DEMAND-A', 'CPS_Triton': 'DEMAND-B', 'OSS_Ceto': 'DEMAND-C'}","{'CPS_Poseidon': 'fossil_lng', 'CPS_Triton': 'vlsfo', 'OSS_Ceto': 'green_ammonia'}","{'CPS_Poseidon': 19.15625952884223, 'CPS_Triton': 18.0, 'OSS_Ceto': 11.949946004560273}","{'CPS_Poseidon': False, 'CPS_Triton': True, 'OSS_Ceto': True}"
QPSO_seed_1008,QPSO,1008,"{'CPS_Poseidon': 'DEMAND-A', 'CPS_Triton': 'DEMAND-B', 'OSS_Ceto': 'DEMAND-C'}","{'CPS_Poseidon': 'fossil_lng', 'CPS_Triton': 'vlsfo', 'OSS_Ceto': 'vlsfo'}","{'CPS_Poseidon': 19.137670777422823, 'CPS_Triton': 17.976767116413356, 'OSS_Ceto': 11.851086735212375}","{'CPS_Poseidon': False, 'CPS_Triton': False, 'OSS_Ceto': False}"
QPSO_seed_1009,QPSO,1009,"{'CPS_Poseidon': 'DEMAND-A', 'CPS_Triton': 'DEMAND-B', 'OSS_Ceto': 'DEMAND-C'}","{'CPS_Poseidon': 'fossil_lng', 'CPS_Triton': 'vlsfo', 'OSS_Ceto': 'vlsfo'}","{'CPS_Poseidon': 19.13736326200007, 'CPS_Triton': 18.0, 'OSS_Ceto': 11.95054208112167}","{'CPS_Poseidon': False, 'CPS_Triton': False, 'OSS_Ceto': True}"
QPSO_seed_1010,QPSO,1010,"{'CPS_Poseidon': 'DEMAND-A', 'CPS_Triton': 'DEMAND-B', 'OSS_Ceto': 'DEMAND-C'}","{'CPS_Poseidon': 'fossil_lng', 'CPS_Triton': 'vlsfo', 'OSS_Ceto': 'vlsfo'}","{'CPS_Poseidon': 19.14750890434641, 'CPS_Triton': 15.94718096529562, 'OSS_Ceto': 11.933653338644918}","{'CPS_Poseidon': False, 'CPS_Triton': False, 'OSS_Ceto': True}"
QPSO_seed_1011,QPSO,1011,"{'CPS_Poseidon': 'DEMAND-A', 'CPS_Triton': 'DEMAND-B', 'OSS_Ceto': 'DEMAND-C'}","{'CPS_Poseidon': 'fossil_lng', 'CPS_Triton': 'vlsfo', 'OSS_Ceto': 'vlsfo'}","{'CPS_Poseidon': 21.29642448220589, 'CPS_Triton': 18.0, 'OSS_Ceto': 11.703023106730315}","{'CPS_Poseidon': False, 'CPS_Triton': False, 'OSS_Ceto': True}"
QPSO_seed_1012,QPSO,1012,"{'CPS_Poseidon': 'DEMAND-A', 'CPS_Triton': 'DEMAND-B', 'OSS_Ceto': 'DEMAND-C'}","{'CPS_Poseidon': 'fossil_lng', 'CPS_Triton': 'vlsfo', 'OSS_Ceto': 'vlsfo'}","{'CPS_Poseidon': 19.137518437097135, 'CPS_Triton': 18.0, 'OSS_Ceto': 11.65933595291216}","{'CPS_Poseidon': False, 'CPS_Triton': False, 'OSS_Ceto': False}"
QPSO_seed_1013,QPSO,1013,"{'CPS_Poseidon': 'DEMAND-A', 'CPS_Triton': 'DEMAND-B', 'OSS_Ceto': 'DEMAND-C'}","{'CPS_Poseidon': 'fossil_lng', 'CPS_Triton': 'vlsfo', 'OSS_Ceto': 'vlsfo'}","{'CPS_Poseidon': 19.15542018952933, 'CPS_Triton': 16.361460441011324, 'OSS_Ceto': 11.853817921887146}","{'CPS_Poseidon': False, 'CPS_Triton': False, 'OSS_Ceto': False}"
QPSO_seed_1014,QPSO,1014,"{'CPS_Poseidon': 'DEMAND-A', 'CPS_Triton': 'DEMAND-B', 'OSS_Ceto': 'DEMAND-C'}","{'CPS_Poseidon': 'fossil_lng', 'CPS_Triton': 'vlsfo', 'OSS_Ceto': 'vlsfo'}","{'CPS_Poseidon': 19.146324746387126, 'CPS_Triton': 10.838402906103564, 'OSS_Ceto': 11.95557449377391}","{'CPS_Poseidon': True, 'CPS_Triton': False, 'OSS_Ceto': False}"
QPSO_seed_1015,QPSO,1015,"{'CPS_Poseidon': 'DEMAND-A', 'CPS_Triton': 'DEMAND-B', 'OSS_Ceto': 'DEMAND-C'}","{'CPS_Poseidon': 'fossil_lng', 'CPS_Triton': 'vlsfo', 'OSS_Ceto': 'vlsfo'}","{'CPS_Poseidon': 19.152754266494327, 'CPS_Triton': 15.896276746268075, 'OSS_Ceto': 11.8866619300716}","{'CPS_Poseidon': True, 'CPS_Triton': False, 'OSS_Ceto': False}"
QPSO_seed_1016,QPSO,1016,"{'CPS_Poseidon': 'DEMAND-A', 'CPS_Triton': 'DEMAND-B', 'OSS_Ceto': 'DEMAND-C'}","{'CPS_Poseidon': 'fossil_lng', 'CPS_Triton': 'vlsfo', 'OSS_Ceto': 'vlsfo'}","{'CPS_Poseidon': 20.784543809791753, 'CPS_Triton': 15.679833967726973, 'OSS_Ceto': 11.679656402315924}","{'CPS_Poseidon': False, 'CPS_Triton': True, 'OSS_Ceto': True}"
QPSO_seed_1017,QPSO,1017,"{'CPS_Poseidon': 'DEMAND-A', 'CPS_Triton': 'DEMAND-B', 'OSS_Ceto': 'DEMAND-C'}","{'CPS_Poseidon': 'fossil_lng', 'CPS_Triton': 'vlsfo', 'OSS_Ceto': 'green_ammonia'}","{'CPS_Poseidon': 19.161984619530703, 'CPS_Triton': 17.965293998196895, 'OSS_Ceto': 12.379623392375038}","{'CPS_Poseidon': False, 'CPS_Triton': False, 'OSS_Ceto': False}"
QPSO_seed_1018,QPSO,1018,"{'CPS_Poseidon': 'DEMAND-A', 'CPS_Triton': 'DEMAND-B', 'OSS_Ceto': 'DEMAND-C'}","{'CPS_Poseidon': 'fossil_lng', 'CPS_Triton': 'vlsfo', 'OSS_Ceto': 'vlsfo'}","{'CPS_Poseidon': 21.245671149022282, 'CPS_Triton': 18.0, 'OSS_Ceto': 11.629060314401348}","{'CPS_Poseidon': False, 'CPS_Triton': False, 'OSS_Ceto': False}"
QPSO_seed_1019,QPSO,1019,"{'CPS_Poseidon': 'DEMAND-A', 'CPS_Triton': 'DEMAND-B', 'OSS_Ceto': 'DEMAND-C'}","{'CPS_Poseidon': 'fossil_lng', 'CPS_Triton': 'vlsfo', 'OSS_Ceto': 'green_ammonia'}","{'CPS_Poseidon': 21.121752578275682, 'CPS_Triton': 15.707348483135586, 'OSS_Ceto': 11.634136803922342}","{'CPS_Poseidon': False, 'CPS_Triton': False, 'OSS_Ceto': False}"
QPSO_seed_1020,QPSO,1020,"{'CPS_Poseidon': 'DEMAND-A', 'CPS_Triton': 'DEMAND-B', 'OSS_Ceto': 'DEMAND-C'}","{'CPS_Poseidon': 'fossil_lng', 'CPS_Triton': 'vlsfo', 'OSS_Ceto': 'vlsfo'}","{'CPS_Poseidon': 19.15611859745034, 'CPS_Triton': 15.949766531028388, 'OSS_Ceto': 15.0}","{'CPS_Poseidon': False, 'CPS_Triton': False, 'OSS_Ceto': True}"
QPSO_seed_1021,QPSO,1021,"{'CPS_Poseidon': 'DEMAND-B', 'CPS_Triton': 'UNASSIGNED', 'OSS_Ceto': 'DEMAND-C'}","{'CPS_Poseidon': 'fossil_lng', 'CPS_Triton': 'vlsfo', 'OSS_Ceto': 'bio_methanol'}","{'CPS_Poseidon': 14.354408742134655, 'CPS_Triton': 11.545968153628358, 'OSS_Ceto': 4.0}","{'CPS_Poseidon': False, 'CPS_Triton': False, 'OSS_Ceto': False}"
QPSO_seed_1022,QPSO,1022,"{'CPS_Poseidon': 'DEMAND-A', 'CPS_Triton': 'DEMAND-B', 'OSS_Ceto': 'DEMAND-C'}","{'CPS_Poseidon': 'fossil_lng', 'CPS_Triton': 'vlsfo', 'OSS_Ceto': 'vlsfo'}","{'CPS_Poseidon': 19.1430603087326, 'CPS_Triton': 8.71897806293553, 'OSS_Ceto': 12.344398595181657}","{'CPS_Poseidon': True, 'CPS_Triton': False, 'OSS_Ceto': True}"
QPSO_seed_1023,QPSO,1023,"{'CPS_Poseidon': 'DEMAND-A', 'CPS_Triton': 'DEMAND-B', 'OSS_Ceto': 'DEMAND-C'}","{'CPS_Poseidon': 'fossil_lng', 'CPS_Triton': 'vlsfo', 'OSS_Ceto': 'vlsfo'}","{'CPS_Poseidon': 21.29399431399485, 'CPS_Triton': 18.0, 'OSS_Ceto': 11.740047485209315}","{'CPS_Poseidon': False, 'CPS_Triton': False, 'OSS_Ceto': False}"
QPSO_seed_1024,QPSO,1024,"{'CPS_Poseidon': 'DEMAND-A', 'CPS_Triton': 'DEMAND-B', 'OSS_Ceto': 'DEMAND-C'}","{'CPS_Poseidon': 'fossil_lng', 'CPS_Triton': 'vlsfo', 'OSS_Ceto': 'green_ammonia'}","{'CPS_Poseidon': 19.143648817557594, 'CPS_Triton': 15.653065574320326, 'OSS_Ceto': 11.820676279819606}","{'CPS_Poseidon': False, 'CPS_Triton': False, 'OSS_Ceto': False}"
QPSO_seed_1025,QPSO,1025,"{'CPS_Poseidon': 'DEMAND-A', 'CPS_Triton': 'UNASSIGNED', 'OSS_Ceto': 'DEMAND-C'}","{'CPS_Poseidon': 'bio_methanol', 'CPS_Triton': 'bio_methanol', 'OSS_Ceto': 'vlsfo'}","{'CPS_Poseidon': 8.812409526541053, 'CPS_Triton': 8.757259163795897, 'OSS_Ceto': 7.0300511458783665}","{'CPS_Poseidon': True, 'CPS_Triton': True, 'OSS_Ceto': False}"
QPSO_seed_1026,QPSO,1026,"{'CPS_Poseidon': 'DEMAND-A', 'CPS_Triton': 'DEMAND-B', 'OSS_Ceto': 'DEMAND-C'}","{'CPS_Poseidon': 'fossil_lng', 'CPS_Triton': 'vlsfo', 'OSS_Ceto': 'green_ammonia'}","{'CPS_Poseidon': 21.409521096204728, 'CPS_Triton': 17.98554162650864, 'OSS_Ceto': 12.250486922441233}","{'CPS_Poseidon': False, 'CPS_Triton': False, 'OSS_Ceto': False}"
QPSO_seed_1027,QPSO,1027,"{'CPS_Poseidon': 'DEMAND-A', 'CPS_Triton': 'DEMAND-B', 'OSS_Ceto': 'DEMAND-C'}","{'CPS_Poseidon': 'fossil_lng', 'CPS_Triton': 'vlsfo', 'OSS_Ceto': 'vlsfo'}","{'CPS_Poseidon': 19.176084465673217, 'CPS_Triton': 17.634167767423744, 'OSS_Ceto': 12.428305793692978}","{'CPS_Poseidon': False, 'CPS_Triton': True, 'OSS_Ceto': False}"
QPSO_seed_1028,QPSO,1028,"{'CPS_Poseidon': 'DEMAND-A', 'CPS_Triton': 'DEMAND-B', 'OSS_Ceto': 'DEMAND-C'}","{'CPS_Poseidon': 'fossil_lng', 'CPS_Triton': 'vlsfo', 'OSS_Ceto': 'vlsfo'}","{'CPS_Poseidon': 19.139070903211856, 'CPS_Triton': 15.626633488815825, 'OSS_Ceto': 11.95488007506289}","{'CPS_Poseidon': True, 'CPS_Triton': False, 'OSS_Ceto': False}"
QPSO_seed_1029,QPSO,1029,"{'CPS_Poseidon': 'DEMAND-B', 'CPS_Triton': 'UNASSIGNED', 'OSS_Ceto': 'DEMAND-C'}","{'CPS_Poseidon': 'bio_methanol', 'CPS_Triton': 'bio_methanol', 'OSS_Ceto': 'green_ammonia'}","{'CPS_Poseidon': 11.517056726690381, 'CPS_Triton': 6.527274991544188, 'OSS_Ceto': 9.298995577019788}","{'CPS_Poseidon': True, 'CPS_Triton': False, 'OSS_Ceto': False}"
QPSO_seed_1030,QPSO,1030,"{'CPS_Poseidon': 'DEMAND-A', 'CPS_Triton': 'DEMAND-B', 'OSS_Ceto': 'DEMAND-C'}","{'CPS_Poseidon': 'fossil_lng', 'CPS_Triton': 'vlsfo', 'OSS_Ceto': 'vlsfo'}","{'CPS_Poseidon': 21.231967713230354, 'CPS_Triton': 18.0, 'OSS_Ceto': 11.626521075096193}","{'CPS_Poseidon': False, 'CPS_Triton': False, 'OSS_Ceto': True}"
DE_seed_1001,DE,1001,"{'CPS_Poseidon': 'DEMAND-A', 'CPS_Triton': 'DEMAND-B', 'OSS_Ceto': 'DEMAND-C'}","{'CPS_Poseidon': 'vlsfo', 'CPS_Triton': 'bio_methanol', 'OSS_Ceto': 'vlsfo'}","{'CPS_Poseidon': 20.318773936183884, 'CPS_Triton': 18.0, 'OSS_Ceto': 13.72499462217664}","{'CPS_Poseidon': False, 'CPS_Triton': False, 'OSS_Ceto': False}"
DE_seed_1002,DE,1002,"{'CPS_Poseidon': 'DEMAND-A', 'CPS_Triton': 'DEMAND-B', 'OSS_Ceto': 'DEMAND-C'}","{'CPS_Poseidon': 'vlsfo', 'CPS_Triton': 'vlsfo', 'OSS_Ceto': 'vlsfo'}","{'CPS_Poseidon': 12.105235651316551, 'CPS_Triton': 18.0, 'OSS_Ceto': 15.0}","{'CPS_Poseidon': False, 'CPS_Triton': True, 'OSS_Ceto': True}"
DE_seed_1003,DE,1003,"{'CPS_Poseidon': 'DEMAND-A', 'CPS_Triton': 'DEMAND-B', 'OSS_Ceto': 'DEMAND-C'}","{'CPS_Poseidon': 'bio_methanol', 'CPS_Triton': 'bio_methanol', 'OSS_Ceto': 'vlsfo'}","{'CPS_Poseidon': 22.0, 'CPS_Triton': 18.0, 'OSS_Ceto': 15.0}","{'CPS_Poseidon': True, 'CPS_Triton': False, 'OSS_Ceto': False}"
DE_seed_1004,DE,1004,"{'CPS_Poseidon': 'DEMAND-A', 'CPS_Triton': 'DEMAND-B', 'OSS_Ceto': 'DEMAND-C'}","{'CPS_Poseidon': 'fossil_lng', 'CPS_Triton': 'vlsfo', 'OSS_Ceto': 'vlsfo'}","{'CPS_Poseidon': 22.0, 'CPS_Triton': 18.0, 'OSS_Ceto': 15.0}","{'CPS_Poseidon': False, 'CPS_Triton': True, 'OSS_Ceto': False}"
DE_seed_1005,DE,1005,"{'CPS_Poseidon': 'DEMAND-A', 'CPS_Triton': 'DEMAND-B', 'OSS_Ceto': 'DEMAND-C'}","{'CPS_Poseidon': 'fossil_lng', 'CPS_Triton': 'vlsfo', 'OSS_Ceto': 'bio_methanol'}","{'CPS_Poseidon': 20.556197020847144, 'CPS_Triton': 18.0, 'OSS_Ceto': 15.0}","{'CPS_Poseidon': True, 'CPS_Triton': True, 'OSS_Ceto': True}"
DE_seed_1006,DE,1006,"{'CPS_Poseidon': 'DEMAND-A', 'CPS_Triton': 'DEMAND-B', 'OSS_Ceto': 'DEMAND-C'}","{'CPS_Poseidon': 'fossil_lng', 'CPS_Triton': 'vlsfo', 'OSS_Ceto': 'vlsfo'}","{'CPS_Poseidon': 22.0, 'CPS_Triton': 18.0, 'OSS_Ceto': 11.943170790235882}","{'CPS_Poseidon': False, 'CPS_Triton': False, 'OSS_Ceto': True}"
DE_seed_1007,DE,1007,"{'CPS_Poseidon': 'DEMAND-A', 'CPS_Triton': 'DEMAND-B', 'OSS_Ceto': 'DEMAND-C'}","{'CPS_Poseidon': 'fossil_lng', 'CPS_Triton': 'vlsfo', 'OSS_Ceto': 'vlsfo'}","{'CPS_Poseidon': 19.43238547644506, 'CPS_Triton': 18.0, 'OSS_Ceto': 15.0}","{'CPS_Poseidon': False, 'CPS_Triton': False, 'OSS_Ceto': False}"
DE_seed_1008,DE,1008,"{'CPS_Poseidon': 'DEMAND-A', 'CPS_Triton': 'DEMAND-B', 'OSS_Ceto': 'DEMAND-C'}","{'CPS_Poseidon': 'fossil_lng', 'CPS_Triton': 'bio_methanol', 'OSS_Ceto': 'green_ammonia'}","{'CPS_Poseidon': 22.0, 'CPS_Triton': 6.0, 'OSS_Ceto': 13.34281543158002}","{'CPS_Poseidon': False, 'CPS_Triton': True, 'OSS_Ceto': True}"
DE_seed_1009,DE,1009,"{'CPS_Poseidon': 'DEMAND-A', 'CPS_Triton': 'DEMAND-B', 'OSS_Ceto': 'DEMAND-C'}","{'CPS_Poseidon': 'fossil_lng', 'CPS_Triton': 'vlsfo', 'OSS_Ceto': 'bio_methanol'}","{'CPS_Poseidon': 22.0, 'CPS_Triton': 12.495927335738104, 'OSS_Ceto': 15.0}","{'CPS_Poseidon': False, 'CPS_Triton': True, 'OSS_Ceto': True}"
DE_seed_1010,DE,1010,"{'CPS_Poseidon': 'DEMAND-A', 'CPS_Triton': 'DEMAND-B', 'OSS_Ceto': 'DEMAND-C'}","{'CPS_Poseidon': 'vlsfo', 'CPS_Triton': 'vlsfo', 'OSS_Ceto': 'green_ammonia'}","{'CPS_Poseidon': 18.94027933647064, 'CPS_Triton': 18.0, 'OSS_Ceto': 15.0}","{'CPS_Poseidon': False, 'CPS_Triton': True, 'OSS_Ceto': True}"
DE_seed_1011,DE,1011,"{'CPS_Poseidon': 'DEMAND-A', 'CPS_Triton': 'DEMAND-B', 'OSS_Ceto': 'DEMAND-C'}","{'CPS_Poseidon': 'fossil_lng', 'CPS_Triton': 'vlsfo', 'OSS_Ceto': 'vlsfo'}","{'CPS_Poseidon': 19.420274821653774, 'CPS_Triton': 18.0, 'OSS_Ceto': 15.0}","{'CPS_Poseidon': True, 'CPS_Triton': True, 'OSS_Ceto': True}"
DE_seed_1012,DE,1012,"{'CPS_Poseidon': 'DEMAND-A', 'CPS_Triton': 'DEMAND-B', 'OSS_Ceto': 'DEMAND-C'}","{'CPS_Poseidon': 'vlsfo', 'CPS_Triton': 'bio_methanol', 'OSS_Ceto': 'vlsfo'}","{'CPS_Poseidon': 22.0, 'CPS_Triton': 18.0, 'OSS_Ceto': 15.0}","{'CPS_Poseidon': False, 'CPS_Triton': True, 'OSS_Ceto': False}"
DE_seed_1013,DE,1013,"{'CPS_Poseidon': 'DEMAND-A', 'CPS_Triton': 'DEMAND-B', 'OSS_Ceto': 'DEMAND-C'}","{'CPS_Poseidon': 'vlsfo', 'CPS_Triton': 'vlsfo', 'OSS_Ceto': 'vlsfo'}","{'CPS_Poseidon': 21.095315938623237, 'CPS_Triton': 18.0, 'OSS_Ceto': 14.878223974561418}","{'CPS_Poseidon': True, 'CPS_Triton': False, 'OSS_Ceto': True}"
DE_seed_1014,DE,1014,"{'CPS_Poseidon': 'DEMAND-A', 'CPS_Triton': 'DEMAND-B', 'OSS_Ceto': 'DEMAND-C'}","{'CPS_Poseidon': 'bio_methanol', 'CPS_Triton': 'vlsfo', 'OSS_Ceto': 'vlsfo'}","{'CPS_Poseidon': 18.603359294693497, 'CPS_Triton': 17.387067652158102, 'OSS_Ceto': 15.0}","{'CPS_Poseidon': False, 'CPS_Triton': True, 'OSS_Ceto': False}"
DE_seed_1015,DE,1015,"{'CPS_Poseidon': 'DEMAND-A', 'CPS_Triton': 'DEMAND-B', 'OSS_Ceto': 'DEMAND-C'}","{'CPS_Poseidon': 'fossil_lng', 'CPS_Triton': 'vlsfo', 'OSS_Ceto': 'vlsfo'}","{'CPS_Poseidon': 22.0, 'CPS_Triton': 18.0, 'OSS_Ceto': 15.0}","{'CPS_Poseidon': True, 'CPS_Triton': True, 'OSS_Ceto': False}"
DE_seed_1016,DE,1016,"{'CPS_Poseidon': 'DEMAND-A', 'CPS_Triton': 'DEMAND-B', 'OSS_Ceto': 'DEMAND-C'}","{'CPS_Poseidon': 'bio_methanol', 'CPS_Triton': 'vlsfo', 'OSS_Ceto': 'vlsfo'}","{'CPS_Poseidon': 21.65518362248726, 'CPS_Triton': 15.620852024648313, 'OSS_Ceto': 15.0}","{'CPS_Poseidon': True, 'CPS_Triton': True, 'OSS_Ceto': False}"
DE_seed_1017,DE,1017,"{'CPS_Poseidon': 'DEMAND-A', 'CPS_Triton': 'DEMAND-B', 'OSS_Ceto': 'DEMAND-C'}","{'CPS_Poseidon': 'fossil_lng', 'CPS_Triton': 'vlsfo', 'OSS_Ceto': 'vlsfo'}","{'CPS_Poseidon': 19.197830168538445, 'CPS_Triton': 16.133073117045367, 'OSS_Ceto': 13.931719479365475}","{'CPS_Poseidon': True, 'CPS_Triton': False, 'OSS_Ceto': True}"
DE_seed_1018,DE,1018,"{'CPS_Poseidon': 'DEMAND-A', 'CPS_Triton': 'DEMAND-B', 'OSS_Ceto': 'DEMAND-C'}","{'CPS_Poseidon': 'bio_methanol', 'CPS_Triton': 'vlsfo', 'OSS_Ceto': 'vlsfo'}","{'CPS_Poseidon': 22.0, 'CPS_Triton': 18.0, 'OSS_Ceto': 15.0}","{'CPS_Poseidon': False, 'CPS_Triton': False, 'OSS_Ceto': True}"
DE_seed_1019,DE,1019,"{'CPS_Poseidon': 'DEMAND-A', 'CPS_Triton': 'DEMAND-B', 'OSS_Ceto': 'DEMAND-C'}","{'CPS_Poseidon': 'vlsfo', 'CPS_Triton': 'vlsfo', 'OSS_Ceto': 'vlsfo'}","{'CPS_Poseidon': 21.787831791023876, 'CPS_Triton': 10.350719094719953, 'OSS_Ceto': 15.0}","{'CPS_Poseidon': False, 'CPS_Triton': True, 'OSS_Ceto': True}"
DE_seed_1020,DE,1020,"{'CPS_Poseidon': 'DEMAND-A', 'CPS_Triton': 'DEMAND-B', 'OSS_Ceto': 'DEMAND-C'}","{'CPS_Poseidon': 'fossil_lng', 'CPS_Triton': 'vlsfo', 'OSS_Ceto': 'vlsfo'}","{'CPS_Poseidon': 21.39431088447441, 'CPS_Triton': 18.0, 'OSS_Ceto': 13.343845961539822}","{'CPS_Poseidon': True, 'CPS_Triton': True, 'OSS_Ceto': True}"
DE_seed_1021,DE,1021,"{'CPS_Poseidon': 'DEMAND-A', 'CPS_Triton': 'DEMAND-B', 'OSS_Ceto': 'DEMAND-C'}","{'CPS_Poseidon': 'fossil_lng', 'CPS_Triton': 'vlsfo', 'OSS_Ceto': 'vlsfo'}","{'CPS_Poseidon': 22.0, 'CPS_Triton': 18.0, 'OSS_Ceto': 13.308580157147599}","{'CPS_Poseidon': True, 'CPS_Triton': False, 'OSS_Ceto': False}"
DE_seed_1022,DE,1022,"{'CPS_Poseidon': 'DEMAND-A', 'CPS_Triton': 'DEMAND-B', 'OSS_Ceto': 'DEMAND-C'}","{'CPS_Poseidon': 'vlsfo', 'CPS_Triton': 'bio_methanol', 'OSS_Ceto': 'vlsfo'}","{'CPS_Poseidon': 20.526185271120116, 'CPS_Triton': 13.317579441874067, 'OSS_Ceto': 15.0}","{'CPS_Poseidon': False, 'CPS_Triton': False, 'OSS_Ceto': True}"
DE_seed_1023,DE,1023,"{'CPS_Poseidon': 'DEMAND-A', 'CPS_Triton': 'DEMAND-B', 'OSS_Ceto': 'DEMAND-C'}","{'CPS_Poseidon': 'fossil_lng', 'CPS_Triton': 'bio_methanol', 'OSS_Ceto': 'vlsfo'}","{'CPS_Poseidon': 19.021826998012976, 'CPS_Triton': 17.84127076123862, 'OSS_Ceto': 15.0}","{'CPS_Poseidon': True, 'CPS_Triton': True, 'OSS_Ceto': False}"
DE_seed_1024,DE,1024,"{'CPS_Poseidon': 'DEMAND-A', 'CPS_Triton': 'DEMAND-B', 'OSS_Ceto': 'DEMAND-C'}","{'CPS_Poseidon': 'fossil_lng', 'CPS_Triton': 'vlsfo', 'OSS_Ceto': 'vlsfo'}","{'CPS_Poseidon': 19.16927368921185, 'CPS_Triton': 18.0, 'OSS_Ceto': 12.154537849143875}","{'CPS_Poseidon': False, 'CPS_Triton': False, 'OSS_Ceto': True}"
DE_seed_1025,DE,1025,"{'CPS_Poseidon': 'DEMAND-A', 'CPS_Triton': 'DEMAND-B', 'OSS_Ceto': 'DEMAND-C'}","{'CPS_Poseidon': 'fossil_lng', 'CPS_Triton': 'vlsfo', 'OSS_Ceto': 'vlsfo'}","{'CPS_Poseidon': 19.148433797802326, 'CPS_Triton': 18.0, 'OSS_Ceto': 15.0}","{'CPS_Poseidon': True, 'CPS_Triton': True, 'OSS_Ceto': True}"
DE_seed_1026,DE,1026,"{'CPS_Poseidon': 'DEMAND-A', 'CPS_Triton': 'DEMAND-B', 'OSS_Ceto': 'DEMAND-C'}","{'CPS_Poseidon': 'fossil_lng', 'CPS_Triton': 'vlsfo', 'OSS_Ceto': 'vlsfo'}","{'CPS_Poseidon': 21.228747465177655, 'CPS_Triton': 18.0, 'OSS_Ceto': 12.725127091297615}","{'CPS_Poseidon': True, 'CPS_Triton': True, 'OSS_Ceto': True}"
DE_seed_1027,DE,1027,"{'CPS_Poseidon': 'DEMAND-A', 'CPS_Triton': 'DEMAND-B', 'OSS_Ceto': 'DEMAND-C'}","{'CPS_Poseidon': 'vlsfo', 'CPS_Triton': 'vlsfo', 'OSS_Ceto': 'bio_methanol'}","{'CPS_Poseidon': 20.166161552168543, 'CPS_Triton': 15.949154816659048, 'OSS_Ceto': 15.0}","{'CPS_Poseidon': True, 'CPS_Triton': False, 'OSS_Ceto': False}"
DE_seed_1028,DE,1028,"{'CPS_Poseidon': 'DEMAND-A', 'CPS_Triton': 'DEMAND-B', 'OSS_Ceto': 'DEMAND-C'}","{'CPS_Poseidon': 'fossil_lng', 'CPS_Triton': 'vlsfo', 'OSS_Ceto': 'vlsfo'}","{'CPS_Poseidon': 21.801317762436994, 'CPS_Triton': 15.64298088316695, 'OSS_Ceto': 15.0}","{'CPS_Poseidon': True, 'CPS_Triton': True, 'OSS_Ceto': True}"
DE_seed_1029,DE,1029,"{'CPS_Poseidon': 'DEMAND-A', 'CPS_Triton': 'DEMAND-B', 'OSS_Ceto': 'DEMAND-C'}","{'CPS_Poseidon': 'vlsfo', 'CPS_Triton': 'vlsfo', 'OSS_Ceto': 'vlsfo'}","{'CPS_Poseidon': 19.153804929403954, 'CPS_Triton': 17.15779547986596, 'OSS_Ceto': 15.0}","{'CPS_Poseidon': False, 'CPS_Triton': True, 'OSS_Ceto': True}"
DE_seed_1030,DE,1030,"{'CPS_Poseidon': 'DEMAND-A', 'CPS_Triton': 'DEMAND-B', 'OSS_Ceto': 'DEMAND-C'}","{'CPS_Poseidon': 'fossil_lng', 'CPS_Triton': 'vlsfo', 'OSS_Ceto': 'vlsfo'}","{'CPS_Poseidon': 22.0, 'CPS_Triton': 18.0, 'OSS_Ceto': 15.0}","{'CPS_Poseidon': False, 'CPS_Triton': True, 'OSS_Ceto': True}"
PSO_seed_1001,PSO,1001,"{'CPS_Poseidon': 'DEMAND-A', 'CPS_Triton': 'DEMAND-B', 'OSS_Ceto': 'DEMAND-C'}","{'CPS_Poseidon': 'fossil_lng', 'CPS_Triton': 'vlsfo', 'OSS_Ceto': 'green_ammonia'}","{'CPS_Poseidon': 17.54315371500752, 'CPS_Triton': 17.253116211130173, 'OSS_Ceto': 4.0}","{'CPS_Poseidon': False, 'CPS_Triton': True, 'OSS_Ceto': False}"
PSO_seed_1002,PSO,1002,"{'CPS_Poseidon': 'DEMAND-A', 'CPS_Triton': 'UNASSIGNED', 'OSS_Ceto': 'DEMAND-C'}","{'CPS_Poseidon': 'fossil_lng', 'CPS_Triton': 'bio_methanol', 'OSS_Ceto': 'vlsfo'}","{'CPS_Poseidon': 18.531870866157714, 'CPS_Triton': 6.0, 'OSS_Ceto': 9.690053988643884}","{'CPS_Poseidon': True, 'CPS_Triton': True, 'OSS_Ceto': True}"
PSO_seed_1003,PSO,1003,"{'CPS_Poseidon': 'DEMAND-B', 'CPS_Triton': 'UNASSIGNED', 'OSS_Ceto': 'DEMAND-C'}","{'CPS_Poseidon': 'fossil_lng', 'CPS_Triton': 'bio_methanol', 'OSS_Ceto': 'bio_methanol'}","{'CPS_Poseidon': 15.894524576347917, 'CPS_Triton': 13.789056057164283, 'OSS_Ceto': 7.5679077943073985}","{'CPS_Poseidon': False, 'CPS_Triton': True, 'OSS_Ceto': True}"
PSO_seed_1004,PSO,1004,"{'CPS_Poseidon': 'DEMAND-A', 'CPS_Triton': 'DEMAND-B', 'OSS_Ceto': 'UNASSIGNED'}","{'CPS_Poseidon': 'fossil_lng', 'CPS_Triton': 'vlsfo', 'OSS_Ceto': 'vlsfo'}","{'CPS_Poseidon': 18.602605314742952, 'CPS_Triton': 7.738506482510871, 'OSS_Ceto': 12.260521987876427}","{'CPS_Poseidon': True, 'CPS_Triton': False, 'OSS_Ceto': False}"
PSO_seed_1005,PSO,1005,"{'CPS_Poseidon': 'DEMAND-A', 'CPS_Triton': 'DEMAND-B', 'OSS_Ceto': 'DEMAND-C'}","{'CPS_Poseidon': 'fossil_lng', 'CPS_Triton': 'bio_methanol', 'OSS_Ceto': 'green_ammonia'}","{'CPS_Poseidon': 19.13546304816815, 'CPS_Triton': 9.500930162611352, 'OSS_Ceto': 11.964531730585383}","{'CPS_Poseidon': True, 'CPS_Triton': True, 'OSS_Ceto': False}"
PSO_seed_1006,PSO,1006,"{'CPS_Poseidon': 'DEMAND-A', 'CPS_Triton': 'DEMAND-B', 'OSS_Ceto': 'DEMAND-C'}","{'CPS_Poseidon': 'vlsfo', 'CPS_Triton': 'bio_methanol', 'OSS_Ceto': 'green_ammonia'}","{'CPS_Poseidon': 21.239110482647547, 'CPS_Triton': 18.0, 'OSS_Ceto': 11.628285362645682}","{'CPS_Poseidon': False, 'CPS_Triton': False, 'OSS_Ceto': True}"
PSO_seed_1007,PSO,1007,"{'CPS_Poseidon': 'DEMAND-A', 'CPS_Triton': 'DEMAND-B', 'OSS_Ceto': 'DEMAND-C'}","{'CPS_Poseidon': 'fossil_lng', 'CPS_Triton': 'vlsfo', 'OSS_Ceto': 'green_ammonia'}","{'CPS_Poseidon': 19.145230843486758, 'CPS_Triton': 15.942446508948247, 'OSS_Ceto': 15.0}","{'CPS_Poseidon': False, 'CPS_Triton': True, 'OSS_Ceto': True}"
PSO_seed_1008,PSO,1008,"{'CPS_Poseidon': 'DEMAND-A', 'CPS_Triton': 'DEMAND-B', 'OSS_Ceto': 'DEMAND-C'}","{'CPS_Poseidon': 'fossil_lng', 'CPS_Triton': 'vlsfo', 'OSS_Ceto': 'green_ammonia'}","{'CPS_Poseidon': 19.136687041822395, 'CPS_Triton': 18.0, 'OSS_Ceto': 11.628288102845966}","{'CPS_Poseidon': True, 'CPS_Triton': False, 'OSS_Ceto': True}"
PSO_seed_1009,PSO,1009,"{'CPS_Poseidon': 'DEMAND-A', 'CPS_Triton': 'DEMAND-B', 'OSS_Ceto': 'UNASSIGNED'}","{'CPS_Poseidon': 'fossil_lng', 'CPS_Triton': 'bio_methanol', 'OSS_Ceto': 'vlsfo'}","{'CPS_Poseidon': 16.32396092335763, 'CPS_Triton': 10.933995514157003, 'OSS_Ceto': 8.935610595749717}","{'CPS_Poseidon': True, 'CPS_Triton': True, 'OSS_Ceto': True}"
PSO_seed_1010,PSO,1010,"{'CPS_Poseidon': 'DEMAND-B', 'CPS_Triton': 'UNASSIGNED', 'OSS_Ceto': 'DEMAND-C'}","{'CPS_Poseidon': 'vlsfo', 'CPS_Triton': 'bio_methanol', 'OSS_Ceto': 'bio_methanol'}","{'CPS_Poseidon': 15.909226361138126, 'CPS_Triton': 10.502171925202713, 'OSS_Ceto': 13.8546665020162}","{'CPS_Poseidon': False, 'CPS_Triton': True, 'OSS_Ceto': True}"
PSO_seed_1011,PSO,1011,"{'CPS_Poseidon': 'DEMAND-A', 'CPS_Triton': 'DEMAND-B', 'OSS_Ceto': 'DEMAND-C'}","{'CPS_Poseidon': 'fossil_lng', 'CPS_Triton': 'vlsfo', 'OSS_Ceto': 'vlsfo'}","{'CPS_Poseidon': 19.135036858545657, 'CPS_Triton': 18.0, 'OSS_Ceto': 15.0}","{'CPS_Poseidon': True, 'CPS_Triton': False, 'OSS_Ceto': False}"
PSO_seed_1012,PSO,1012,"{'CPS_Poseidon': 'DEMAND-A', 'CPS_Triton': 'DEMAND-B', 'OSS_Ceto': 'UNASSIGNED'}","{'CPS_Poseidon': 'fossil_lng', 'CPS_Triton': 'vlsfo', 'OSS_Ceto': 'bio_methanol'}","{'CPS_Poseidon': 11.42324128586976, 'CPS_Triton': 9.863301536180582, 'OSS_Ceto': 4.494662425801231}","{'CPS_Poseidon': False, 'CPS_Triton': True, 'OSS_Ceto': False}"
PSO_seed_1013,PSO,1013,"{'CPS_Poseidon': 'DEMAND-A', 'CPS_Triton': 'DEMAND-B', 'OSS_Ceto': 'DEMAND-C'}","{'CPS_Poseidon': 'fossil_lng', 'CPS_Triton': 'vlsfo', 'OSS_Ceto': 'vlsfo'}","{'CPS_Poseidon': 21.255605666996047, 'CPS_Triton': 18.0, 'OSS_Ceto': 11.65031315771523}","{'CPS_Poseidon': False, 'CPS_Triton': False, 'OSS_Ceto': False}"
PSO_seed_1014,PSO,1014,"{'CPS_Poseidon': 'DEMAND-A', 'CPS_Triton': 'DEMAND-B', 'OSS_Ceto': 'DEMAND-C'}","{'CPS_Poseidon': 'fossil_lng', 'CPS_Triton': 'bio_methanol', 'OSS_Ceto': 'vlsfo'}","{'CPS_Poseidon': 19.13512250493251, 'CPS_Triton': 6.0, 'OSS_Ceto': 15.0}","{'CPS_Poseidon': True, 'CPS_Triton': False, 'OSS_Ceto': False}"
PSO_seed_1015,PSO,1015,"{'CPS_Poseidon': 'DEMAND-A', 'CPS_Triton': 'DEMAND-B', 'OSS_Ceto': 'DEMAND-C'}","{'CPS_Poseidon': 'fossil_lng', 'CPS_Triton': 'vlsfo', 'OSS_Ceto': 'green_ammonia'}","{'CPS_Poseidon': 21.201736462636344, 'CPS_Triton': 18.0, 'OSS_Ceto': 11.638512979150763}","{'CPS_Poseidon': True, 'CPS_Triton': False, 'OSS_Ceto': False}"
PSO_seed_1016,PSO,1016,"{'CPS_Poseidon': 'DEMAND-A', 'CPS_Triton': 'UNASSIGNED', 'OSS_Ceto': 'DEMAND-C'}","{'CPS_Poseidon': 'vlsfo', 'CPS_Triton': 'vlsfo', 'OSS_Ceto': 'vlsfo'}","{'CPS_Poseidon': 21.7804484810141, 'CPS_Triton': 9.20200436070387, 'OSS_Ceto': 11.028476976611895}","{'CPS_Poseidon': True, 'CPS_Triton': True, 'OSS_Ceto': True}"
PSO_seed_1017,PSO,1017,"{'CPS_Poseidon': 'UNASSIGNED', 'CPS_Triton': 'DEMAND-B', 'OSS_Ceto': 'DEMAND-C'}","{'CPS_Poseidon': 'bio_methanol', 'CPS_Triton': 'vlsfo', 'OSS_Ceto': 'green_ammonia'}","{'CPS_Poseidon': 11.323805078232688, 'CPS_Triton': 6.0, 'OSS_Ceto': 11.094703163077615}","{'CPS_Poseidon': True, 'CPS_Triton': False, 'OSS_Ceto': True}"
PSO_seed_1018,PSO,1018,"{'CPS_Poseidon': 'DEMAND-A', 'CPS_Triton': 'DEMAND-B', 'OSS_Ceto': 'DEMAND-C'}","{'CPS_Poseidon': 'vlsfo', 'CPS_Triton': 'vlsfo', 'OSS_Ceto': 'vlsfo'}","{'CPS_Poseidon': 8.0, 'CPS_Triton': 18.0, 'OSS_Ceto': 11.626597913126677}","{'CPS_Poseidon': False, 'CPS_Triton': False, 'OSS_Ceto': False}"
PSO_seed_1019,PSO,1019,"{'CPS_Poseidon': 'DEMAND-A', 'CPS_Triton': 'DEMAND-B', 'OSS_Ceto': 'DEMAND-C'}","{'CPS_Poseidon': 'fossil_lng', 'CPS_Triton': 'vlsfo', 'OSS_Ceto': 'vlsfo'}","{'CPS_Poseidon': 21.259557331256385, 'CPS_Triton': 18.0, 'OSS_Ceto': 11.67198072372809}","{'CPS_Poseidon': True, 'CPS_Triton': False, 'OSS_Ceto': False}"
PSO_seed_1020,PSO,1020,"{'CPS_Poseidon': 'DEMAND-A', 'CPS_Triton': 'DEMAND-B', 'OSS_Ceto': 'DEMAND-C'}","{'CPS_Poseidon': 'fossil_lng', 'CPS_Triton': 'vlsfo', 'OSS_Ceto': 'vlsfo'}","{'CPS_Poseidon': 8.0, 'CPS_Triton': 18.0, 'OSS_Ceto': 11.628636724292665}","{'CPS_Poseidon': False, 'CPS_Triton': False, 'OSS_Ceto': False}"
PSO_seed_1021,PSO,1021,"{'CPS_Poseidon': 'DEMAND-B', 'CPS_Triton': 'UNASSIGNED', 'OSS_Ceto': 'DEMAND-C'}","{'CPS_Poseidon': 'vlsfo', 'CPS_Triton': 'bio_methanol', 'OSS_Ceto': 'bio_methanol'}","{'CPS_Poseidon': 9.467017819978327, 'CPS_Triton': 16.864473607852467, 'OSS_Ceto': 13.236390101969281}","{'CPS_Poseidon': False, 'CPS_Triton': True, 'OSS_Ceto': False}"
PSO_seed_1022,PSO,1022,"{'CPS_Poseidon': 'DEMAND-A', 'CPS_Triton': 'DEMAND-B', 'OSS_Ceto': 'DEMAND-C'}","{'CPS_Poseidon': 'fossil_lng', 'CPS_Triton': 'vlsfo', 'OSS_Ceto': 'vlsfo'}","{'CPS_Poseidon': 21.348977137527694, 'CPS_Triton': 18.0, 'OSS_Ceto': 15.0}","{'CPS_Poseidon': False, 'CPS_Triton': False, 'OSS_Ceto': False}"
PSO_seed_1023,PSO,1023,"{'CPS_Poseidon': 'DEMAND-A', 'CPS_Triton': 'DEMAND-B', 'OSS_Ceto': 'DEMAND-C'}","{'CPS_Poseidon': 'fossil_lng', 'CPS_Triton': 'bio_methanol', 'OSS_Ceto': 'vlsfo'}","{'CPS_Poseidon': 19.13556926546756, 'CPS_Triton': 18.0, 'OSS_Ceto': 11.942179415943256}","{'CPS_Poseidon': True, 'CPS_Triton': False, 'OSS_Ceto': False}"
PSO_seed_1024,PSO,1024,"{'CPS_Poseidon': 'DEMAND-A', 'CPS_Triton': 'DEMAND-B', 'OSS_Ceto': 'DEMAND-C'}","{'CPS_Poseidon': 'fossil_lng', 'CPS_Triton': 'vlsfo', 'OSS_Ceto': 'vlsfo'}","{'CPS_Poseidon': 21.23235541245312, 'CPS_Triton': 18.0, 'OSS_Ceto': 11.639113460787602}","{'CPS_Poseidon': False, 'CPS_Triton': False, 'OSS_Ceto': True}"
PSO_seed_1025,PSO,1025,"{'CPS_Poseidon': 'DEMAND-A', 'CPS_Triton': 'UNASSIGNED', 'OSS_Ceto': 'DEMAND-C'}","{'CPS_Poseidon': 'bio_methanol', 'CPS_Triton': 'bio_methanol', 'OSS_Ceto': 'bio_methanol'}","{'CPS_Poseidon': 11.47062184674475, 'CPS_Triton': 9.24100006364298, 'OSS_Ceto': 4.51718759712333}","{'CPS_Poseidon': True, 'CPS_Triton': False, 'OSS_Ceto': False}"
PSO_seed_1026,PSO,1026,"{'CPS_Poseidon': 'DEMAND-A', 'CPS_Triton': 'DEMAND-B', 'OSS_Ceto': 'UNASSIGNED'}","{'CPS_Poseidon': 'bio_methanol', 'CPS_Triton': 'bio_methanol', 'OSS_Ceto': 'green_ammonia'}","{'CPS_Poseidon': 13.21003778873408, 'CPS_Triton': 6.729033990333451, 'OSS_Ceto': 4.300778090136659}","{'CPS_Poseidon': True, 'CPS_Triton': False, 'OSS_Ceto': True}"
PSO_seed_1027,PSO,1027,"{'CPS_Poseidon': 'DEMAND-A', 'CPS_Triton': 'DEMAND-B', 'OSS_Ceto': 'DEMAND-C'}","{'CPS_Poseidon': 'fossil_lng', 'CPS_Triton': 'vlsfo', 'OSS_Ceto': 'vlsfo'}","{'CPS_Poseidon': 21.22641313710543, 'CPS_Triton': 18.0, 'OSS_Ceto': 11.631338650451296}","{'CPS_Poseidon': False, 'CPS_Triton': False, 'OSS_Ceto': True}"
PSO_seed_1028,PSO,1028,"{'CPS_Poseidon': 'DEMAND-A', 'CPS_Triton': 'DEMAND-B', 'OSS_Ceto': 'DEMAND-C'}","{'CPS_Poseidon': 'fossil_lng', 'CPS_Triton': 'vlsfo', 'OSS_Ceto': 'green_ammonia'}","{'CPS_Poseidon': 21.208868843280843, 'CPS_Triton': 18.0, 'OSS_Ceto': 11.644685113999248}","{'CPS_Poseidon': False, 'CPS_Triton': True, 'OSS_Ceto': False}"
PSO_seed_1029,PSO,1029,"{'CPS_Poseidon': 'DEMAND-B', 'CPS_Triton': 'UNASSIGNED', 'OSS_Ceto': 'DEMAND-C'}","{'CPS_Poseidon': 'bio_methanol', 'CPS_Triton': 'bio_methanol', 'OSS_Ceto': 'green_ammonia'}","{'CPS_Poseidon': 11.517056726690381, 'CPS_Triton': 6.527274991544188, 'OSS_Ceto': 9.298995577019788}","{'CPS_Poseidon': True, 'CPS_Triton': False, 'OSS_Ceto': False}"
PSO_seed_1030,PSO,1030,"{'CPS_Poseidon': 'DEMAND-A', 'CPS_Triton': 'DEMAND-B', 'OSS_Ceto': 'DEMAND-C'}","{'CPS_Poseidon': 'fossil_lng', 'CPS_Triton': 'vlsfo', 'OSS_Ceto': 'vlsfo'}","{'CPS_Poseidon': 21.348923904074283, 'CPS_Triton': 18.0, 'OSS_Ceto': 15.0}","{'CPS_Poseidon': False, 'CPS_Triton': True, 'OSS_Ceto': True}"
GA_seed_1001,GA,1001,"{'CPS_Poseidon': 'DEMAND-A', 'CPS_Triton': 'DEMAND-B', 'OSS_Ceto': 'DEMAND-C'}","{'CPS_Poseidon': 'fossil_lng', 'CPS_Triton': 'vlsfo', 'OSS_Ceto': 'green_ammonia'}","{'CPS_Poseidon': 19.136924056032317, 'CPS_Triton': 15.604444778327679, 'OSS_Ceto': 4.698620680900214}","{'CPS_Poseidon': False, 'CPS_Triton': False, 'OSS_Ceto': False}"
GA_seed_1002,GA,1002,"{'CPS_Poseidon': 'DEMAND-A', 'CPS_Triton': 'DEMAND-B', 'OSS_Ceto': 'DEMAND-C'}","{'CPS_Poseidon': 'fossil_lng', 'CPS_Triton': 'vlsfo', 'OSS_Ceto': 'vlsfo'}","{'CPS_Poseidon': 19.172697619119255, 'CPS_Triton': 17.91649599326123, 'OSS_Ceto': 12.327963461703913}","{'CPS_Poseidon': False, 'CPS_Triton': True, 'OSS_Ceto': False}"
GA_seed_1003,GA,1003,"{'CPS_Poseidon': 'DEMAND-A', 'CPS_Triton': 'DEMAND-B', 'OSS_Ceto': 'DEMAND-C'}","{'CPS_Poseidon': 'fossil_lng', 'CPS_Triton': 'bio_methanol', 'OSS_Ceto': 'green_ammonia'}","{'CPS_Poseidon': 19.13680739863274, 'CPS_Triton': 17.990243700274107, 'OSS_Ceto': 11.677115138223945}","{'CPS_Poseidon': False, 'CPS_Triton': False, 'OSS_Ceto': False}"
GA_seed_1004,GA,1004,"{'CPS_Poseidon': 'DEMAND-A', 'CPS_Triton': 'DEMAND-B', 'OSS_Ceto': 'DEMAND-C'}","{'CPS_Poseidon': 'fossil_lng', 'CPS_Triton': 'vlsfo', 'OSS_Ceto': 'vlsfo'}","{'CPS_Poseidon': 19.23885726954936, 'CPS_Triton': 15.638222357753861, 'OSS_Ceto': 11.642699406950381}","{'CPS_Poseidon': False, 'CPS_Triton': False, 'OSS_Ceto': False}"
GA_seed_1005,GA,1005,"{'CPS_Poseidon': 'DEMAND-A', 'CPS_Triton': 'DEMAND-B', 'OSS_Ceto': 'DEMAND-C'}","{'CPS_Poseidon': 'fossil_lng', 'CPS_Triton': 'bio_methanol', 'OSS_Ceto': 'green_ammonia'}","{'CPS_Poseidon': 21.23585324350976, 'CPS_Triton': 15.648741935368637, 'OSS_Ceto': 11.643740705861479}","{'CPS_Poseidon': False, 'CPS_Triton': True, 'OSS_Ceto': False}"
GA_seed_1006,GA,1006,"{'CPS_Poseidon': 'DEMAND-A', 'CPS_Triton': 'DEMAND-B', 'OSS_Ceto': 'DEMAND-C'}","{'CPS_Poseidon': 'fossil_lng', 'CPS_Triton': 'bio_methanol', 'OSS_Ceto': 'green_ammonia'}","{'CPS_Poseidon': 19.16787573029481, 'CPS_Triton': 15.861971946738088, 'OSS_Ceto': 11.650899524918604}","{'CPS_Poseidon': True, 'CPS_Triton': False, 'OSS_Ceto': False}"
GA_seed_1007,GA,1007,"{'CPS_Poseidon': 'DEMAND-A', 'CPS_Triton': 'DEMAND-B', 'OSS_Ceto': 'DEMAND-C'}","{'CPS_Poseidon': 'fossil_lng', 'CPS_Triton': 'bio_methanol', 'OSS_Ceto': 'green_ammonia'}","{'CPS_Poseidon': 19.139959882531173, 'CPS_Triton': 17.99780431949109, 'OSS_Ceto': 11.65755290464098}","{'CPS_Poseidon': False, 'CPS_Triton': False, 'OSS_Ceto': False}"
GA_seed_1008,GA,1008,"{'CPS_Poseidon': 'DEMAND-A', 'CPS_Triton': 'DEMAND-B', 'OSS_Ceto': 'DEMAND-C'}","{'CPS_Poseidon': 'fossil_lng', 'CPS_Triton': 'vlsfo', 'OSS_Ceto': 'green_ammonia'}","{'CPS_Poseidon': 19.13684395929463, 'CPS_Triton': 15.605542172823286, 'OSS_Ceto': 5.943035829463284}","{'CPS_Poseidon': False, 'CPS_Triton': False, 'OSS_Ceto': False}"
GA_seed_1009,GA,1009,"{'CPS_Poseidon': 'DEMAND-A', 'CPS_Triton': 'DEMAND-B', 'OSS_Ceto': 'DEMAND-C'}","{'CPS_Poseidon': 'fossil_lng', 'CPS_Triton': 'bio_methanol', 'OSS_Ceto': 'vlsfo'}","{'CPS_Poseidon': 19.16397678733684, 'CPS_Triton': 15.610685171005576, 'OSS_Ceto': 11.899400895419895}","{'CPS_Poseidon': False, 'CPS_Triton': True, 'OSS_Ceto': True}"
GA_seed_1010,GA,1010,"{'CPS_Poseidon': 'DEMAND-A', 'CPS_Triton': 'DEMAND-B', 'OSS_Ceto': 'DEMAND-C'}","{'CPS_Poseidon': 'fossil_lng', 'CPS_Triton': 'bio_methanol', 'OSS_Ceto': 'vlsfo'}","{'CPS_Poseidon': 11.081052148637557, 'CPS_Triton': 15.809034946809946, 'OSS_Ceto': 14.999852736688505}","{'CPS_Poseidon': False, 'CPS_Triton': False, 'OSS_Ceto': False}"
GA_seed_1011,GA,1011,"{'CPS_Poseidon': 'DEMAND-A', 'CPS_Triton': 'DEMAND-B', 'OSS_Ceto': 'DEMAND-C'}","{'CPS_Poseidon': 'fossil_lng', 'CPS_Triton': 'vlsfo', 'OSS_Ceto': 'green_ammonia'}","{'CPS_Poseidon': 21.301359138686788, 'CPS_Triton': 15.613331637942105, 'OSS_Ceto': 11.63024802745988}","{'CPS_Poseidon': False, 'CPS_Triton': False, 'OSS_Ceto': False}"
GA_seed_1012,GA,1012,"{'CPS_Poseidon': 'DEMAND-A', 'CPS_Triton': 'DEMAND-B', 'OSS_Ceto': 'UNASSIGNED'}","{'CPS_Poseidon': 'fossil_lng', 'CPS_Triton': 'vlsfo', 'OSS_Ceto': 'bio_methanol'}","{'CPS_Poseidon': 11.42324128586976, 'CPS_Triton': 9.863301536180582, 'OSS_Ceto': 4.494662425801231}","{'CPS_Poseidon': False, 'CPS_Triton': True, 'OSS_Ceto': False}"
GA_seed_1013,GA,1013,"{'CPS_Poseidon': 'DEMAND-A', 'CPS_Triton': 'DEMAND-B', 'OSS_Ceto': 'DEMAND-C'}","{'CPS_Poseidon': 'fossil_lng', 'CPS_Triton': 'vlsfo', 'OSS_Ceto': 'green_ammonia'}","{'CPS_Poseidon': 19.14608083112507, 'CPS_Triton': 9.056205781886309, 'OSS_Ceto': 11.644120433245401}","{'CPS_Poseidon': False, 'CPS_Triton': False, 'OSS_Ceto': False}"
GA_seed_1014,GA,1014,"{'CPS_Poseidon': 'DEMAND-A', 'CPS_Triton': 'DEMAND-B', 'OSS_Ceto': 'DEMAND-C'}","{'CPS_Poseidon': 'fossil_lng', 'CPS_Triton': 'vlsfo', 'OSS_Ceto': 'green_ammonia'}","{'CPS_Poseidon': 19.136746103751857, 'CPS_Triton': 6.49569853189406, 'OSS_Ceto': 11.637147508533209}","{'CPS_Poseidon': False, 'CPS_Triton': False, 'OSS_Ceto': False}"
GA_seed_1015,GA,1015,"{'CPS_Poseidon': 'DEMAND-A', 'CPS_Triton': 'UNASSIGNED', 'OSS_Ceto': 'DEMAND-C'}","{'CPS_Poseidon': 'fossil_lng', 'CPS_Triton': 'bio_methanol', 'OSS_Ceto': 'vlsfo'}","{'CPS_Poseidon': 8.767187792162607, 'CPS_Triton': 11.566369589577377, 'OSS_Ceto': 10.977219162098002}","{'CPS_Poseidon': True, 'CPS_Triton': True, 'OSS_Ceto': True}"
GA_seed_1016,GA,1016,"{'CPS_Poseidon': 'DEMAND-A', 'CPS_Triton': 'DEMAND-B', 'OSS_Ceto': 'DEMAND-C'}","{'CPS_Poseidon': 'fossil_lng', 'CPS_Triton': 'vlsfo', 'OSS_Ceto': 'vlsfo'}","{'CPS_Poseidon': 19.169636068095727, 'CPS_Triton': 6.829193703853482, 'OSS_Ceto': 11.62797289603322}","{'CPS_Poseidon': False, 'CPS_Triton': False, 'OSS_Ceto': False}"
GA_seed_1017,GA,1017,"{'CPS_Poseidon': 'DEMAND-A', 'CPS_Triton': 'DEMAND-B', 'OSS_Ceto': 'DEMAND-C'}","{'CPS_Poseidon': 'fossil_lng', 'CPS_Triton': 'vlsfo', 'OSS_Ceto': 'green_ammonia'}","{'CPS_Poseidon': 19.14443929516336, 'CPS_Triton': 15.73185532075495, 'OSS_Ceto': 11.6291102900315}","{'CPS_Poseidon': False, 'CPS_Triton': False, 'OSS_Ceto': False}"
GA_seed_1018,GA,1018,"{'CPS_Poseidon': 'DEMAND-A', 'CPS_Triton': 'DEMAND-B', 'OSS_Ceto': 'DEMAND-C'}","{'CPS_Poseidon': 'fossil_lng', 'CPS_Triton': 'vlsfo', 'OSS_Ceto': 'vlsfo'}","{'CPS_Poseidon': 19.20473149132207, 'CPS_Triton': 15.81163198357065, 'OSS_Ceto': 12.194056236876184}","{'CPS_Poseidon': False, 'CPS_Triton': False, 'OSS_Ceto': False}"
GA_seed_1019,GA,1019,"{'CPS_Poseidon': 'DEMAND-A', 'CPS_Triton': 'DEMAND-B', 'OSS_Ceto': 'UNASSIGNED'}","{'CPS_Poseidon': 'vlsfo', 'CPS_Triton': 'bio_methanol', 'OSS_Ceto': 'green_ammonia'}","{'CPS_Poseidon': 20.529403091908655, 'CPS_Triton': 12.624546086763852, 'OSS_Ceto': 4.864319888061031}","{'CPS_Poseidon': False, 'CPS_Triton': False, 'OSS_Ceto': False}"
GA_seed_1020,GA,1020,"{'CPS_Poseidon': 'DEMAND-A', 'CPS_Triton': 'DEMAND-B', 'OSS_Ceto': 'DEMAND-C'}","{'CPS_Poseidon': 'fossil_lng', 'CPS_Triton': 'vlsfo', 'OSS_Ceto': 'green_ammonia'}","{'CPS_Poseidon': 19.205690387833435, 'CPS_Triton': 15.85969101697652, 'OSS_Ceto': 11.668717019305474}","{'CPS_Poseidon': False, 'CPS_Triton': True, 'OSS_Ceto': True}"
GA_seed_1021,GA,1021,"{'CPS_Poseidon': 'DEMAND-B', 'CPS_Triton': 'UNASSIGNED', 'OSS_Ceto': 'DEMAND-C'}","{'CPS_Poseidon': 'fossil_lng', 'CPS_Triton': 'vlsfo', 'OSS_Ceto': 'green_ammonia'}","{'CPS_Poseidon': 20.073881049724754, 'CPS_Triton': 17.006632025073138, 'OSS_Ceto': 13.054464805547536}","{'CPS_Poseidon': True, 'CPS_Triton': False, 'OSS_Ceto': False}"
GA_seed_1022,GA,1022,"{'CPS_Poseidon': 'DEMAND-A', 'CPS_Triton': 'DEMAND-B', 'OSS_Ceto': 'DEMAND-C'}","{'CPS_Poseidon': 'fossil_lng', 'CPS_Triton': 'bio_methanol', 'OSS_Ceto': 'vlsfo'}","{'CPS_Poseidon': 19.161739118540904, 'CPS_Triton': 15.638725145813247, 'OSS_Ceto': 11.6808541485592}","{'CPS_Poseidon': True, 'CPS_Triton': False, 'OSS_Ceto': False}"
GA_seed_1023,GA,1023,"{'CPS_Poseidon': 'DEMAND-B', 'CPS_Triton': 'UNASSIGNED', 'OSS_Ceto': 'DEMAND-C'}","{'CPS_Poseidon': 'vlsfo', 'CPS_Triton': 'bio_methanol', 'OSS_Ceto': 'green_ammonia'}","{'CPS_Poseidon': 17.70285588313067, 'CPS_Triton': 10.061127209677405, 'OSS_Ceto': 10.93738248782893}","{'CPS_Poseidon': False, 'CPS_Triton': False, 'OSS_Ceto': True}"
GA_seed_1024,GA,1024,"{'CPS_Poseidon': 'DEMAND-A', 'CPS_Triton': 'DEMAND-B', 'OSS_Ceto': 'DEMAND-C'}","{'CPS_Poseidon': 'fossil_lng', 'CPS_Triton': 'vlsfo', 'OSS_Ceto': 'green_ammonia'}","{'CPS_Poseidon': 19.13679845160796, 'CPS_Triton': 15.669256878393556, 'OSS_Ceto': 11.62666719626952}","{'CPS_Poseidon': False, 'CPS_Triton': False, 'OSS_Ceto': False}"
GA_seed_1025,GA,1025,"{'CPS_Poseidon': 'DEMAND-A', 'CPS_Triton': 'DEMAND-B', 'OSS_Ceto': 'DEMAND-C'}","{'CPS_Poseidon': 'fossil_lng', 'CPS_Triton': 'vlsfo', 'OSS_Ceto': 'vlsfo'}","{'CPS_Poseidon': 19.197153736662365, 'CPS_Triton': 15.629389060529174, 'OSS_Ceto': 11.636425047866837}","{'CPS_Poseidon': False, 'CPS_Triton': False, 'OSS_Ceto': False}"
GA_seed_1026,GA,1026,"{'CPS_Poseidon': 'DEMAND-A', 'CPS_Triton': 'DEMAND-B', 'OSS_Ceto': 'DEMAND-C'}","{'CPS_Poseidon': 'fossil_lng', 'CPS_Triton': 'vlsfo', 'OSS_Ceto': 'vlsfo'}","{'CPS_Poseidon': 8.442112700934091, 'CPS_Triton': 15.821227354657037, 'OSS_Ceto': 12.019769354558676}","{'CPS_Poseidon': False, 'CPS_Triton': False, 'OSS_Ceto': False}"
GA_seed_1027,GA,1027,"{'CPS_Poseidon': 'DEMAND-A', 'CPS_Triton': 'DEMAND-B', 'OSS_Ceto': 'UNASSIGNED'}","{'CPS_Poseidon': 'fossil_lng', 'CPS_Triton': 'vlsfo', 'OSS_Ceto': 'bio_methanol'}","{'CPS_Poseidon': 12.316905686120483, 'CPS_Triton': 12.395227130877577, 'OSS_Ceto': 6.808414822138318}","{'CPS_Poseidon': False, 'CPS_Triton': True, 'OSS_Ceto': False}"
GA_seed_1028,GA,1028,"{'CPS_Poseidon': 'DEMAND-A', 'CPS_Triton': 'DEMAND-B', 'OSS_Ceto': 'DEMAND-C'}","{'CPS_Poseidon': 'fossil_lng', 'CPS_Triton': 'bio_methanol', 'OSS_Ceto': 'green_ammonia'}","{'CPS_Poseidon': 19.169259445362062, 'CPS_Triton': 15.715940329945013, 'OSS_Ceto': 11.637297325296636}","{'CPS_Poseidon': False, 'CPS_Triton': False, 'OSS_Ceto': True}"
GA_seed_1029,GA,1029,"{'CPS_Poseidon': 'DEMAND-A', 'CPS_Triton': 'DEMAND-B', 'OSS_Ceto': 'DEMAND-C'}","{'CPS_Poseidon': 'bio_methanol', 'CPS_Triton': 'bio_methanol', 'OSS_Ceto': 'green_ammonia'}","{'CPS_Poseidon': 19.234873206389146, 'CPS_Triton': 17.818527602909867, 'OSS_Ceto': 12.136957027121893}","{'CPS_Poseidon': True, 'CPS_Triton': False, 'OSS_Ceto': False}"
GA_seed_1030,GA,1030,"{'CPS_Poseidon': 'DEMAND-A', 'CPS_Triton': 'DEMAND-B', 'OSS_Ceto': 'DEMAND-C'}","{'CPS_Poseidon': 'fossil_lng', 'CPS_Triton': 'vlsfo', 'OSS_Ceto': 'green_ammonia'}","{'CPS_Poseidon': 19.14475371352279, 'CPS_Triton': 15.615275514163134, 'OSS_Ceto': 11.655942448068568}","{'CPS_Poseidon': False, 'CPS_Triton': False, 'OSS_Ceto': False}"
Random_seed_1001,Random,1001,"{'CPS_Poseidon': 'DEMAND-A', 'CPS_Triton': 'DEMAND-B', 'OSS_Ceto': 'DEMAND-C'}","{'CPS_Poseidon': 'bio_methanol', 'CPS_Triton': 'bio_methanol', 'OSS_Ceto': 'green_ammonia'}","{'CPS_Poseidon': 18.955597600919035, 'CPS_Triton': 8.99275341193274, 'OSS_Ceto': 10.26961231145824}","{'CPS_Poseidon': False, 'CPS_Triton': False, 'OSS_Ceto': False}"
Random_seed_1002,Random,1002,"{'CPS_Poseidon': 'DEMAND-A', 'CPS_Triton': 'DEMAND-B', 'OSS_Ceto': 'DEMAND-C'}","{'CPS_Poseidon': 'fossil_lng', 'CPS_Triton': 'bio_methanol', 'OSS_Ceto': 'bio_methanol'}","{'CPS_Poseidon': 16.25110582962818, 'CPS_Triton': 11.655330224167614, 'OSS_Ceto': 10.414888078695554}","{'CPS_Poseidon': False, 'CPS_Triton': False, 'OSS_Ceto': True}"
Random_seed_1003,Random,1003,"{'CPS_Poseidon': 'DEMAND-A', 'CPS_Triton': 'DEMAND-B', 'OSS_Ceto': 'DEMAND-C'}","{'CPS_Poseidon': 'fossil_lng', 'CPS_Triton': 'vlsfo', 'OSS_Ceto': 'vlsfo'}","{'CPS_Poseidon': 16.484318453299775, 'CPS_Triton': 9.588196029295448, 'OSS_Ceto': 11.851206518357207}","{'CPS_Poseidon': True, 'CPS_Triton': True, 'OSS_Ceto': True}"
Random_seed_1004,Random,1004,"{'CPS_Poseidon': 'DEMAND-A', 'CPS_Triton': 'DEMAND-B', 'OSS_Ceto': 'DEMAND-C'}","{'CPS_Poseidon': 'bio_methanol', 'CPS_Triton': 'bio_methanol', 'OSS_Ceto': 'bio_methanol'}","{'CPS_Poseidon': 19.41301366869508, 'CPS_Triton': 15.650466216179543, 'OSS_Ceto': 8.234662587907572}","{'CPS_Poseidon': True, 'CPS_Triton': True, 'OSS_Ceto': True}"
Random_seed_1005,Random,1005,"{'CPS_Poseidon': 'DEMAND-A', 'CPS_Triton': 'DEMAND-B', 'OSS_Ceto': 'DEMAND-C'}","{'CPS_Poseidon': 'fossil_lng', 'CPS_Triton': 'bio_methanol', 'OSS_Ceto': 'green_ammonia'}","{'CPS_Poseidon': 21.953891666355652, 'CPS_Triton': 6.081733368674811, 'OSS_Ceto': 12.492650353784093}","{'CPS_Poseidon': True, 'CPS_Triton': False, 'OSS_Ceto': False}"
Random_seed_1006,Random,1006,"{'CPS_Poseidon': 'DEMAND-A', 'CPS_Triton': 'DEMAND-B', 'OSS_Ceto': 'DEMAND-C'}","{'CPS_Poseidon': 'fossil_lng', 'CPS_Triton': 'bio_methanol', 'OSS_Ceto': 'vlsfo'}","{'CPS_Poseidon': 19.437172107841594, 'CPS_Triton': 10.62086138582309, 'OSS_Ceto': 14.006584784617678}","{'CPS_Poseidon': True, 'CPS_Triton': False, 'OSS_Ceto': True}"
Random_seed_1007,Random,1007,"{'CPS_Poseidon': 'DEMAND-A', 'CPS_Triton': 'DEMAND-B', 'OSS_Ceto': 'UNASSIGNED'}","{'CPS_Poseidon': 'vlsfo', 'CPS_Triton': 'vlsfo', 'OSS_Ceto': 'bio_methanol'}","{'CPS_Poseidon': 14.67592927672367, 'CPS_Triton': 15.892110577718102, 'OSS_Ceto': 12.48513957535904}","{'CPS_Poseidon': True, 'CPS_Triton': True, 'OSS_Ceto': True}"
Random_seed_1008,Random,1008,"{'CPS_Poseidon': 'DEMAND-A', 'CPS_Triton': 'DEMAND-B', 'OSS_Ceto': 'DEMAND-C'}","{'CPS_Poseidon': 'fossil_lng', 'CPS_Triton': 'bio_methanol', 'OSS_Ceto': 'bio_methanol'}","{'CPS_Poseidon': 16.227346293992948, 'CPS_Triton': 17.950193786714195, 'OSS_Ceto': 9.230236326721407}","{'CPS_Poseidon': True, 'CPS_Triton': False, 'OSS_Ceto': False}"
Random_seed_1009,Random,1009,"{'CPS_Poseidon': 'DEMAND-A', 'CPS_Triton': 'DEMAND-B', 'OSS_Ceto': 'DEMAND-C'}","{'CPS_Poseidon': 'vlsfo', 'CPS_Triton': 'bio_methanol', 'OSS_Ceto': 'vlsfo'}","{'CPS_Poseidon': 13.054887527861837, 'CPS_Triton': 13.953148380362233, 'OSS_Ceto': 13.368081342731957}","{'CPS_Poseidon': False, 'CPS_Triton': True, 'OSS_Ceto': False}"
Random_seed_1010,Random,1010,"{'CPS_Poseidon': 'DEMAND-A', 'CPS_Triton': 'DEMAND-B', 'OSS_Ceto': 'DEMAND-C'}","{'CPS_Poseidon': 'bio_methanol', 'CPS_Triton': 'bio_methanol', 'OSS_Ceto': 'bio_methanol'}","{'CPS_Poseidon': 11.283458809634777, 'CPS_Triton': 17.81464249151751, 'OSS_Ceto': 10.28610046560402}","{'CPS_Poseidon': False, 'CPS_Triton': True, 'OSS_Ceto': True}"
Random_seed_1011,Random,1011,"{'CPS_Poseidon': 'DEMAND-A', 'CPS_Triton': 'DEMAND-B', 'OSS_Ceto': 'DEMAND-C'}","{'CPS_Poseidon': 'vlsfo', 'CPS_Triton': 'bio_methanol', 'OSS_Ceto': 'green_ammonia'}","{'CPS_Poseidon': 21.532866077041128, 'CPS_Triton': 8.627668766317267, 'OSS_Ceto': 9.471635944472325}","{'CPS_Poseidon': False, 'CPS_Triton': False, 'OSS_Ceto': True}"
Random_seed_1012,Random,1012,"{'CPS_Poseidon': 'DEMAND-A', 'CPS_Triton': 'DEMAND-B', 'OSS_Ceto': 'DEMAND-C'}","{'CPS_Poseidon': 'bio_methanol', 'CPS_Triton': 'bio_methanol', 'OSS_Ceto': 'green_ammonia'}","{'CPS_Poseidon': 14.8533633057356, 'CPS_Triton': 16.22809199475749, 'OSS_Ceto': 10.554129711645734}","{'CPS_Poseidon': True, 'CPS_Triton': True, 'OSS_Ceto': False}"
Random_seed_1013,Random,1013,"{'CPS_Poseidon': 'DEMAND-A', 'CPS_Triton': 'DEMAND-B', 'OSS_Ceto': 'DEMAND-C'}","{'CPS_Poseidon': 'bio_methanol', 'CPS_Triton': 'vlsfo', 'OSS_Ceto': 'green_ammonia'}","{'CPS_Poseidon': 17.306323017581086, 'CPS_Triton': 13.482545308652597, 'OSS_Ceto': 11.702863390554636}","{'CPS_Poseidon': True, 'CPS_Triton': True, 'OSS_Ceto': False}"
Random_seed_1014,Random,1014,"{'CPS_Poseidon': 'DEMAND-A', 'CPS_Triton': 'DEMAND-B', 'OSS_Ceto': 'DEMAND-C'}","{'CPS_Poseidon': 'bio_methanol', 'CPS_Triton': 'bio_methanol', 'OSS_Ceto': 'vlsfo'}","{'CPS_Poseidon': 21.128370655061357, 'CPS_Triton': 16.96146812618003, 'OSS_Ceto': 11.986662250128571}","{'CPS_Poseidon': False, 'CPS_Triton': False, 'OSS_Ceto': True}"
Random_seed_1015,Random,1015,"{'CPS_Poseidon': 'DEMAND-A', 'CPS_Triton': 'DEMAND-B', 'OSS_Ceto': 'DEMAND-C'}","{'CPS_Poseidon': 'bio_methanol', 'CPS_Triton': 'bio_methanol', 'OSS_Ceto': 'bio_methanol'}","{'CPS_Poseidon': 20.863570946466645, 'CPS_Triton': 16.133236328012288, 'OSS_Ceto': 14.142876427336734}","{'CPS_Poseidon': False, 'CPS_Triton': True, 'OSS_Ceto': True}"
Random_seed_1016,Random,1016,"{'CPS_Poseidon': 'DEMAND-A', 'CPS_Triton': 'DEMAND-B', 'OSS_Ceto': 'DEMAND-C'}","{'CPS_Poseidon': 'bio_methanol', 'CPS_Triton': 'bio_methanol', 'OSS_Ceto': 'vlsfo'}","{'CPS_Poseidon': 12.349175555567182, 'CPS_Triton': 12.191553133954454, 'OSS_Ceto': 14.271090372430113}","{'CPS_Poseidon': True, 'CPS_Triton': True, 'OSS_Ceto': False}"
Random_seed_1017,Random,1017,"{'CPS_Poseidon': 'DEMAND-A', 'CPS_Triton': 'DEMAND-B', 'OSS_Ceto': 'DEMAND-C'}","{'CPS_Poseidon': 'bio_methanol', 'CPS_Triton': 'vlsfo', 'OSS_Ceto': 'vlsfo'}","{'CPS_Poseidon': 11.39237443775356, 'CPS_Triton': 15.122755353975077, 'OSS_Ceto': 10.20716735298258}","{'CPS_Poseidon': True, 'CPS_Triton': False, 'OSS_Ceto': False}"
Random_seed_1018,Random,1018,"{'CPS_Poseidon': 'DEMAND-A', 'CPS_Triton': 'DEMAND-B', 'OSS_Ceto': 'DEMAND-C'}","{'CPS_Poseidon': 'vlsfo', 'CPS_Triton': 'vlsfo', 'OSS_Ceto': 'bio_methanol'}","{'CPS_Poseidon': 14.638587954067964, 'CPS_Triton': 13.744253822028812, 'OSS_Ceto': 11.404163497363255}","{'CPS_Poseidon': True, 'CPS_Triton': True, 'OSS_Ceto': False}"
Random_seed_1019,Random,1019,"{'CPS_Poseidon': 'DEMAND-A', 'CPS_Triton': 'DEMAND-B', 'OSS_Ceto': 'DEMAND-C'}","{'CPS_Poseidon': 'bio_methanol', 'CPS_Triton': 'bio_methanol', 'OSS_Ceto': 'green_ammonia'}","{'CPS_Poseidon': 14.889034546746934, 'CPS_Triton': 16.89222178900878, 'OSS_Ceto': 4.920104737722216}","{'CPS_Poseidon': False, 'CPS_Triton': True, 'OSS_Ceto': False}"
Random_seed_1020,Random,1020,"{'CPS_Poseidon': 'DEMAND-A', 'CPS_Triton': 'DEMAND-B', 'OSS_Ceto': 'DEMAND-C'}","{'CPS_Poseidon': 'bio_methanol', 'CPS_Triton': 'vlsfo', 'OSS_Ceto': 'vlsfo'}","{'CPS_Poseidon': 16.987330666738604, 'CPS_Triton': 15.401158702864636, 'OSS_Ceto': 10.42008453423301}","{'CPS_Poseidon': False, 'CPS_Triton': False, 'OSS_Ceto': True}"
Random_seed_1021,Random,1021,"{'CPS_Poseidon': 'DEMAND-A', 'CPS_Triton': 'DEMAND-B', 'OSS_Ceto': 'UNASSIGNED'}","{'CPS_Poseidon': 'fossil_lng', 'CPS_Triton': 'bio_methanol', 'OSS_Ceto': 'bio_methanol'}","{'CPS_Poseidon': 11.151511794755946, 'CPS_Triton': 11.946905612106487, 'OSS_Ceto': 4.292158855665872}","{'CPS_Poseidon': True, 'CPS_Triton': False, 'OSS_Ceto': False}"
Random_seed_1022,Random,1022,"{'CPS_Poseidon': 'DEMAND-A', 'CPS_Triton': 'DEMAND-B', 'OSS_Ceto': 'DEMAND-C'}","{'CPS_Poseidon': 'bio_methanol', 'CPS_Triton': 'vlsfo', 'OSS_Ceto': 'green_ammonia'}","{'CPS_Poseidon': 13.009094061940836, 'CPS_Triton': 15.059811732909406, 'OSS_Ceto': 13.523136090929578}","{'CPS_Poseidon': False, 'CPS_Triton': True, 'OSS_Ceto': True}"
Random_seed_1023,Random,1023,"{'CPS_Poseidon': 'DEMAND-A', 'CPS_Triton': 'DEMAND-B', 'OSS_Ceto': 'DEMAND-C'}","{'CPS_Poseidon': 'fossil_lng', 'CPS_Triton': 'bio_methanol', 'OSS_Ceto': 'bio_methanol'}","{'CPS_Poseidon': 17.950319603496126, 'CPS_Triton': 16.096829903383224, 'OSS_Ceto': 14.309723974131813}","{'CPS_Poseidon': False, 'CPS_Triton': True, 'OSS_Ceto': False}"
Random_seed_1024,Random,1024,"{'CPS_Poseidon': 'DEMAND-A', 'CPS_Triton': 'DEMAND-B', 'OSS_Ceto': 'DEMAND-C'}","{'CPS_Poseidon': 'vlsfo', 'CPS_Triton': 'vlsfo', 'OSS_Ceto': 'green_ammonia'}","{'CPS_Poseidon': 15.0793671132252, 'CPS_Triton': 8.579787923254822, 'OSS_Ceto': 9.228381107579903}","{'CPS_Poseidon': False, 'CPS_Triton': True, 'OSS_Ceto': False}"
Random_seed_1025,Random,1025,"{'CPS_Poseidon': 'DEMAND-A', 'CPS_Triton': 'DEMAND-B', 'OSS_Ceto': 'DEMAND-C'}","{'CPS_Poseidon': 'fossil_lng', 'CPS_Triton': 'bio_methanol', 'OSS_Ceto': 'bio_methanol'}","{'CPS_Poseidon': 17.026251026834174, 'CPS_Triton': 6.654636607659626, 'OSS_Ceto': 8.433624328406784}","{'CPS_Poseidon': True, 'CPS_Triton': False, 'OSS_Ceto': True}"
Random_seed_1026,Random,1026,"{'CPS_Poseidon': 'DEMAND-A', 'CPS_Triton': 'DEMAND-B', 'OSS_Ceto': 'DEMAND-C'}","{'CPS_Poseidon': 'fossil_lng', 'CPS_Triton': 'bio_methanol', 'OSS_Ceto': 'green_ammonia'}","{'CPS_Poseidon': 15.83816210083787, 'CPS_Triton': 17.64927398911555, 'OSS_Ceto': 14.543233376407658}","{'CPS_Poseidon': True, 'CPS_Triton': True, 'OSS_Ceto': True}"
Random_seed_1027,Random,1027,"{'CPS_Poseidon': 'DEMAND-A', 'CPS_Triton': 'DEMAND-B', 'OSS_Ceto': 'DEMAND-C'}","{'CPS_Poseidon': 'bio_methanol', 'CPS_Triton': 'bio_methanol', 'OSS_Ceto': 'green_ammonia'}","{'CPS_Poseidon': 20.807819872279868, 'CPS_Triton': 9.499400474206407, 'OSS_Ceto': 9.691240750618803}","{'CPS_Poseidon': True, 'CPS_Triton': False, 'OSS_Ceto': True}"
Random_seed_1028,Random,1028,"{'CPS_Poseidon': 'DEMAND-A', 'CPS_Triton': 'DEMAND-B', 'OSS_Ceto': 'DEMAND-C'}","{'CPS_Poseidon': 'bio_methanol', 'CPS_Triton': 'vlsfo', 'OSS_Ceto': 'vlsfo'}","{'CPS_Poseidon': 19.298030147358162, 'CPS_Triton': 10.772433193090887, 'OSS_Ceto': 12.142710813660925}","{'CPS_Poseidon': False, 'CPS_Triton': False, 'OSS_Ceto': False}"
Random_seed_1029,Random,1029,"{'CPS_Poseidon': 'DEMAND-A', 'CPS_Triton': 'DEMAND-B', 'OSS_Ceto': 'DEMAND-C'}","{'CPS_Poseidon': 'vlsfo', 'CPS_Triton': 'bio_methanol', 'OSS_Ceto': 'green_ammonia'}","{'CPS_Poseidon': 21.2451804275059, 'CPS_Triton': 12.049649441729574, 'OSS_Ceto': 12.577349233441021}","{'CPS_Poseidon': True, 'CPS_Triton': False, 'OSS_Ceto': False}"
Random_seed_1030,Random,1030,"{'CPS_Poseidon': 'DEMAND-A', 'CPS_Triton': 'DEMAND-B', 'OSS_Ceto': 'DEMAND-C'}","{'CPS_Poseidon': 'bio_methanol', 'CPS_Triton': 'bio_methanol', 'OSS_Ceto': 'green_ammonia'}","{'CPS_Poseidon': 15.61185196334839, 'CPS_Triton': 12.385351523594112, 'OSS_Ceto': 14.36950262956516}","{'CPS_Poseidon': True, 'CPS_Triton': True, 'OSS_Ceto': True}"
