solution_id,speed_knots,cargo_tonnes,fuel_type,total_fuel_tonnes,total_opex_usd,total_wtw_ghg_tonnes,voyage_duration_hours,schedule_delay_hours,uncertainty_risk_tonnes,cii_rating,fueleu_compliant,domain_status,is_feasible,pareto_rank
SOL_000,18.59,84.7,bio_methanol,195.95,210402.54,330.6,26.3,0.0,27.23,E,True,OUT_OF_DOMAIN,False,7
SOL_001,18.59,772.1,bio_methanol,195.95,210402.53,330.6,26.3,0.0,27.23,E,True,OUT_OF_DOMAIN,False,6
SOL_002,18.59,480.8,bio_methanol,195.95,210402.37,330.6,26.3,0.0,27.23,E,True,OUT_OF_DOMAIN,False,3
SOL_003,18.59,341.7,bio_methanol,195.95,210403.24,330.6,26.3,0.0,27.23,E,True,OUT_OF_DOMAIN,False,18
SOL_004,18.59,704.3,bio_methanol,195.95,210404.87,330.6,26.3,0.0,27.23,E,True,OUT_OF_DOMAIN,False,28
SOL_005,18.59,330.0,bio_methanol,195.95,210402.52,330.6,26.3,0.0,27.23,E,True,OUT_OF_DOMAIN,False,5
SOL_006,18.59,120.3,bio_methanol,195.95,210404.25,330.6,26.3,0.0,27.23,E,True,OUT_OF_DOMAIN,False,23
SOL_007,18.59,930.7,bio_methanol,195.95,210404.67,330.6,26.3,0.0,27.23,E,True,OUT_OF_DOMAIN,False,25
SOL_008,18.59,711.2,bio_methanol,195.95,210403.17,330.6,26.3,0.0,27.23,E,True,OUT_OF_DOMAIN,False,16
SOL_009,18.59,114.3,bio_methanol,195.96,210407.2,330.61,26.3,0.0,27.23,E,True,OUT_OF_DOMAIN,False,32
SOL_010,18.59,379.3,bio_methanol,195.95,210402.77,330.6,26.3,0.0,27.23,E,True,OUT_OF_DOMAIN,False,12
SOL_011,18.59,346.5,bio_methanol,195.95,210402.44,330.6,26.3,0.0,27.23,E,True,OUT_OF_DOMAIN,False,4
SOL_012,18.59,257.0,bio_methanol,195.95,210402.55,330.6,26.3,0.0,27.23,E,True,OUT_OF_DOMAIN,False,8
SOL_013,18.59,180.2,bio_methanol,195.95,210402.54,330.6,26.3,0.0,27.23,E,True,OUT_OF_DOMAIN,False,7
SOL_014,18.59,752.1,bio_methanol,195.95,210403.52,330.6,26.3,0.0,27.23,E,True,OUT_OF_DOMAIN,False,20
SOL_015,18.59,879.2,bio_methanol,195.95,210402.91,330.6,26.3,0.0,27.23,E,True,OUT_OF_DOMAIN,False,14
SOL_016,18.59,213.3,bio_methanol,195.95,210405.83,330.6,26.3,0.0,27.23,E,True,OUT_OF_DOMAIN,False,29
SOL_017,18.59,311.4,bio_methanol,195.95,210403.21,330.6,26.3,0.0,27.23,E,True,OUT_OF_DOMAIN,False,17
SOL_018,18.59,517.0,bio_methanol,195.95,210402.88,330.6,26.3,0.0,27.23,E,True,OUT_OF_DOMAIN,False,13
SOL_019,18.59,124.7,bio_methanol,195.96,210407.19,330.61,26.3,0.0,27.23,E,True,OUT_OF_DOMAIN,False,31
SOL_020,18.59,163.9,bio_methanol,195.95,210403.28,330.6,26.3,0.0,27.23,E,True,OUT_OF_DOMAIN,False,19
SOL_021,18.59,361.3,bio_methanol,195.96,210410.39,330.61,26.3,0.0,27.23,E,True,OUT_OF_DOMAIN,False,34
SOL_022,18.59,888.6,bio_methanol,195.95,210402.44,330.6,26.3,0.0,27.23,E,True,OUT_OF_DOMAIN,False,4
SOL_023,18.59,616.6,bio_methanol,195.95,210402.61,330.6,26.3,0.0,27.23,E,True,OUT_OF_DOMAIN,False,11
SOL_024,18.59,0.0,bio_methanol,195.95,210402.32,330.6,26.3,0.0,27.23,E,True,OUT_OF_DOMAIN,False,0
SOL_025,18.59,394.6,bio_methanol,195.95,213245.71,330.6,26.3,0.0,27.23,E,True,OUT_OF_DOMAIN,False,44
SOL_026,18.59,713.4,bio_methanol,195.95,210403.53,330.6,26.3,0.0,27.23,E,True,OUT_OF_DOMAIN,False,21
SOL_027,18.59,808.7,bio_methanol,195.95,210402.35,330.6,26.3,0.0,27.23,E,True,OUT_OF_DOMAIN,False,2
SOL_028,18.59,86.4,bio_methanol,195.95,213242.45,330.6,26.3,0.0,27.23,E,True,OUT_OF_DOMAIN,False,33
SOL_029,18.59,188.0,bio_methanol,195.95,213243.04,330.6,26.3,0.0,27.23,E,True,OUT_OF_DOMAIN,False,38
SOL_030,18.59,829.2,bio_methanol,195.95,213242.59,330.6,26.3,0.0,27.23,E,True,OUT_OF_DOMAIN,False,36
SOL_031,18.59,884.7,bio_methanol,195.95,213242.43,330.6,26.3,0.0,27.23,E,True,OUT_OF_DOMAIN,False,32
SOL_032,18.59,499.6,bio_methanol,195.95,213242.54,330.6,26.3,0.0,27.23,E,True,OUT_OF_DOMAIN,False,35
SOL_033,18.59,396.1,bio_methanol,195.95,210404.6,330.6,26.3,0.0,27.23,E,True,OUT_OF_DOMAIN,False,24
SOL_034,18.59,335.0,bio_methanol,195.95,213244.13,330.6,26.3,0.0,27.23,E,True,OUT_OF_DOMAIN,False,40
SOL_035,18.59,150.4,bio_methanol,195.95,210402.33,330.6,26.3,0.0,27.23,E,True,OUT_OF_DOMAIN,False,1
SOL_036,18.59,708.1,bio_methanol,195.95,210404.83,330.6,26.3,0.0,27.23,E,True,OUT_OF_DOMAIN,False,27
SOL_037,18.59,846.5,bio_methanol,195.95,213242.82,330.6,26.3,0.0,27.23,E,True,OUT_OF_DOMAIN,False,37
SOL_038,18.59,671.8,bio_methanol,195.95,213242.35,330.6,26.3,0.0,27.23,E,True,OUT_OF_DOMAIN,False,31
SOL_039,18.59,833.4,bio_methanol,195.95,210403.73,330.6,26.3,0.0,27.23,E,True,OUT_OF_DOMAIN,False,22
SOL_040,18.59,796.1,bio_methanol,195.95,213244.25,330.6,26.3,0.0,27.23,E,True,OUT_OF_DOMAIN,False,41
SOL_041,18.59,22.6,bio_methanol,195.95,213242.53,330.6,26.3,0.0,27.23,E,True,OUT_OF_DOMAIN,False,34
SOL_042,18.59,375.1,bio_methanol,195.95,210406.14,330.6,26.3,0.0,27.23,E,True,OUT_OF_DOMAIN,False,30
SOL_043,18.59,434.2,bio_methanol,195.95,210403.08,330.6,26.3,0.0,27.23,E,True,OUT_OF_DOMAIN,False,15
SOL_044,18.59,291.1,bio_methanol,195.95,213244.42,330.6,26.3,0.0,27.23,E,True,OUT_OF_DOMAIN,False,42
SOL_045,18.59,538.6,bio_methanol,195.96,210408.55,330.61,26.3,0.0,27.23,E,True,OUT_OF_DOMAIN,False,33
SOL_046,18.59,990.3,bio_methanol,195.95,210402.6,330.6,26.3,0.0,27.23,E,True,OUT_OF_DOMAIN,False,10
SOL_047,18.59,387.1,bio_methanol,195.95,213244.8,330.6,26.3,0.0,27.23,E,True,OUT_OF_DOMAIN,False,43
SOL_048,18.59,506.7,bio_methanol,195.95,210402.59,330.6,26.3,0.0,27.23,E,True,OUT_OF_DOMAIN,False,9
SOL_049,18.59,690.7,bio_methanol,195.95,213243.38,330.6,26.3,0.0,27.23,E,True,OUT_OF_DOMAIN,False,39
SOL_050,18.59,952.4,bio_methanol,195.95,210402.35,330.6,26.3,0.0,27.23,E,True,OUT_OF_DOMAIN,False,2
SOL_051,18.59,128.7,bio_methanol,195.95,210402.37,330.6,26.3,0.0,27.23,E,True,OUT_OF_DOMAIN,False,3
SOL_052,18.59,278.7,bio_methanol,195.95,210402.35,330.6,26.3,0.0,27.23,E,True,OUT_OF_DOMAIN,False,2
SOL_053,18.59,135.8,bio_methanol,195.95,210404.7,330.6,26.3,0.0,27.23,E,True,OUT_OF_DOMAIN,False,26
